gqytqmbxgyge, 0, 42679181, 20112853369900.86328125000000000, 0.00000000000000000, 0, 20112853369900.86328125000000000, 0%, ["alohaeosprod","aus1genereos","blockgenesys","blocksmithio","disfundbpeos","eosamsterdam","eoscleanerbp","eosdacserver","eosdublinwow","eoseouldotio","eoshenzhenio","eosiomeetone","eosisgravity","eosliquideos","eosmesodotio","eosmetaliobp","eosnationftw","eosninetiess","eospalliumss","eosphereiobp","eosteaeostea","eosvibesbloc","exmotraderes","gqztenjzgege","haydiobyguge","haydiojyguge","mixbytevaran","sheos21sheos","switzerlanda","tokenika4eos"]
bithumbshiny, 0, 33022000, 0.00000000000000000, 0.00000000000000000, 0, 0, 0%, []
gi3tiojtguge, 0, 226711783898, 0.00000000000000000, 0.00000000000000000, 0, 0, 0%, []
okexoffiline, undefined, undefined, undefined, undefined, undefined, 0, 0%, undefined
bitfinexcw55, 0, 6000, 0.00000000000000000, 0.00000000000000000, 0, 0, 0%, []
undefined, undefined, undefined, undefined, undefined, undefined, 0, 0%, undefined
hezdeobugage, 0, 10862, 0.00000000000000000, 0.00000000000000000, 0, 0, 0%, []
gm3tombuguge, 0, 1900000, 120115705357933344.00000000000000000, 0.00000000000000000, 0, 0, 0%, []
ebekjijzrdxk, undefined, undefined, undefined, undefined, undefined, 0, 0%, undefined
g4ydgmjug4ge, 0, 164369143646, 0.00000000000000000, 0.00000000000000000, 0, 0, 0%, []
binancecleos, 0, 2000, 0.00000000000000000, 0.00000000000000000, 0, 0, 0%, []
winterishere, 0, 100000, 0.00000000000000000, 0.00000000000000000, 0, 0, 0%, []
hezdeobuhege, 0, 3262, 1225541197.19825124740600586, 0.00000000000000000, 0, 1537239613.21133637428283691, 22.56410749913058%, ["bp2bp2bp2bp2","eosbeijingbp","eoscannonchn","eosfishrocks","eosiosg11111","eosliquideos","eosstorebest","zbeosbp11111"]
vuniyuoxoeub, 0, 30100000, 0.00000000000000000, 0.00000000000000000, 0, 0, 0%, []
eosio.saving, undefined, undefined, undefined, undefined, undefined, 0, 0%, undefined
ha2tsmzqhege, 0, 117623036702, 47236916202742392.00000000000000000, 0.00000000000000000, 0, 55430653416470048.00000000000000000, 15.961685358127623%, ["eoshuobipool","zbeosbp11111"]
guzdkmrtgage, 0, 103001896501, 47897604470649664.00000000000000000, 0.00000000000000000, 0, 48540341979531368.00000000000000000, 1.3329556104012115%, ["argentinaeos","aus1genereos","cryptolions1","cypherglasss","eos42freedom","eosamsterdam","eosasia11111","eosauthority","eoscafeblock","eoscanadacom","eoscannonchn","eosdacserver","eosflareiobp","eosiomeetone","eosisgravity","eosliquideos","eosnewyorkio","eosriobrazil","eosswedenorg","eostitanprod","eosyskoreabp","hkeoshkeosbp","libertyblock","teamgreymass"]
okbtothemoon, 0, 6954000, 0.00000000000000000, 0.00000000000000000, 0, 0, 0%, []
gy2dsnjugige, 0, 74999908776, 0.00000000000000000, 0.00000000000000000, 0, 0, 0%, []
bpvoter.one, 0, 11225000, 0.00000000000000000, 0.00000000000000000, 0, 0, 0%, []
giytemzyhege, 0, 1980000, 0.00000000000000000, 0.00000000000000000, 0, 0, 0%, []
se4xjymvrkcg, 0, 58987930000, 27798461893726972.00000000000000000, 0.00000000000000000, 0, 27798461893726972.00000000000000000, 0%, ["acroeos12345","argentinaeos","bitfinexeos1","eosasia11111","eoscandyone1","eoslaomaocom","eosonoeosono","eospacificbp","eosriobrazil","eosuestciobp","eoswinwinwin","helloeoscnbp","jrrcryptoeos","oraclegogogo","teamgreymass"]
vdxjamspwcsu, eoshuobifund, 50000041000, 23562858273265160.00000000000000000, 0.00000000000000000, 0, 0, 0%, []
ycheosforzb4, undefined, undefined, undefined, undefined, undefined, 0, 0%, undefined
dunamueoshot, 0, 11100001, 0.00000000000000000, 0.00000000000000000, 0, 0, 0%, []
x5nvb1tucqk2, 0, 44450000000, 20947363828094388.00000000000000000, 0.00000000000000000, 0, 20947363828094388.00000000000000000, 0%, ["acroeos12345","bitfinexeos1","eosasia11111","eoscandyone1","eoscannonchn","eosflytomars","eoslaomaocom","eosmotioneos","eosonoeosono","eoswinwinwin","starteosiobp","unlimitedeos"]
gyzdgmbqgage, 0, 42966272100, 19454414728280100.00000000000000000, 0.00000000000000000, 0, 20248146996976404.00000000000000000, 3.998393223031637%, ["atticlabeosb","cochainworld","eosbixinboot","eoslaomaocom","eospaceioeos","eospacificbp","eosuestciobp","zbeosbp11111"]
wngsfcarhzkt, 0, 38686920000, 18231473309974836.00000000000000000, 0.00000000000000000, 0, 18231473309974836.00000000000000000, 0%, ["acroeos12345","argentinaeos","atticlabeosb","eosasia11111","eosauthority","eoscanadacom","eoscandyone1","eoscannonchn","eosfishrocks","eosflytomars","eoslaomaocom","eosmotioneos","eosonoeosono","eosriobrazil","eosstorebest","eosswedenorg","eoswinwinwin","jedaaaaaaaaa","moreisfuture","sheleaders21","teamgreymass","unlimitedeos"]
aspovhegmfke, madeofstarks, 60000000000, 27901003436486036.00000000000000000, 0.00000000000000000, 0, 0, 0%, []
bitfinexcw13, bitfinexvp13, 40000000000, 15434125461800634.00000000000000000, 0.00000000000000000, 0, 0, 0%, []
vwgumvhjzkvn, 0, 1100000, 0.00000000000000000, 0.00000000000000000, 0, 0, 0%, []
g4ydomrxhege, 0, 30060000, 0.00000000000000000, 0.00000000000000000, 0, 0, 0%, []
chainceoneos, 0, 10000000, 0.00000000000000000, 0.00000000000000000, 0, 0, 0%, []
ha4tqojrgige, 0, 33655342560, 15860308332136550.00000000000000000, 0.00000000000000000, 0, 15860308332136550.00000000000000000, 0%, ["atticlabeosb","cochainworld","eosantpoolbp","eosbeijingbp","eoscannonchn","eosfishrocks","eoshuobipool","eosiomeetone","eosiosg11111","eosisgravity","eoslambdacom","eoslaomaocom","eosliquideos","eosmotioneos","eospaceioeos","eospacificbp","eosstorebest","eossv12eossv","eosvolgabpru","eoswenzhoubp","jedaaaaaaaaa","qxeosqxeosbp","starteosiobp","unlimitedeos","zbeosbp11111"]
eosio.unregd, undefined, undefined, undefined, undefined, undefined, 0, 0%, undefined
gqztgmrwgene, 0, 32860321108, 0.00000000000000000, 0.00000000000000000, 0, 0, 0%, []
gqztgmjzgene, 0, 32707230654, 0.00000000000000000, 0.00000000000000000, 0, 0, 0%, []
eostothemoon, willshotmoon, 32500075341, 14138643630576382.00000000000000000, 0.00000000000000000, 0, 0, 0%, []
bitfinexcw11, bitfinexvp11, 30000000000, 11575594096350476.00000000000000000, 0.00000000000000000, 0, 0, 0%, []
vtlihyjbselb, hptproxy2222, 30000041000, 14137722692570274.00000000000000000, 0.00000000000000000, 0, 0, 0%, []
vcgqdyepghel, divinerapier, 30000041000, 14137722692570274.00000000000000000, 0.00000000000000000, 0, 0, 0%, []
vqudinrrqkus, hptproxy1111, 30000041000, 14137722692570274.00000000000000000, 0.00000000000000000, 0, 0, 0%, []
vxnfrgktdscf, hptproxy3333, 30000041000, 14137722692570274.00000000000000000, 0.00000000000000000, 0, 0, 0%, []
bitfinexcw24, bitfinexvp24, 30000006000, 11422320400260644.00000000000000000, 0.00000000000000000, 0, 0, 0%, []
bitfinexcw15, bitfinexvp15, 30000006000, 11422320400260644.00000000000000000, 0.00000000000000000, 0, 0, 0%, []
bitfinexcw32, bitfinexvp32, 30000006000, 11422320400260644.00000000000000000, 0.00000000000000000, 0, 0, 0%, []
bitfinexcw21, bitfinexvp21, 30000006000, 11422320400260644.00000000000000000, 0.00000000000000000, 0, 0, 0%, []
bitfinexcw25, bitfinexvp25, 30000006000, 11422320400260644.00000000000000000, 0.00000000000000000, 0, 0, 0%, []
bitfinexcw31, bitfinexvp31, 30000006000, 11422320400260644.00000000000000000, 0.00000000000000000, 0, 0, 0%, []
bitfinexcw23, bitfinexvp23, 30000006000, 11422320400260644.00000000000000000, 0.00000000000000000, 0, 0, 0%, []
bitfinexcw33, bitfinexvp33, 30000006000, 11422320400260644.00000000000000000, 0.00000000000000000, 0, 0, 0%, []
bitfinexcw22, bitfinexvp22, 30000006000, 11422320400260644.00000000000000000, 0.00000000000000000, 0, 0, 0%, []
bitfinexcw12, bitfinexvp12, 30000000000, 11575594096350476.00000000000000000, 0.00000000000000000, 0, 0, 0%, []
bitfinexcw14, bitfinexvp14, 30000000000, 11575594096350476.00000000000000000, 0.00000000000000000, 0, 0, 0%, []
hazdcojrgyge, haydinruhage, 25398827921, 10616220759179060.00000000000000000, 0.00000000000000000, 0, 0, 0%, []
krakenkraken, 0, 20000000, 0.00000000000000000, 0.00000000000000000, 0, 0, 0%, []
ge3dknjugige, 0, 27907963283, 10625787819413634.00000000000000000, 0.00000000000000000, 0, 13151816886166492.00000000000000000, 21.247128110932465%, ["argentinaeos","costaricaeos","cryptolions1","eosmesodotio","eosnairobike","eosphereiobp","eosvenezuela"]
eosio.ram, undefined, undefined, undefined, undefined, undefined, 0, 0%, undefined
gezdgojygene, 0, 22831853267, 0.00000000000000000, 0.00000000000000000, 0, 0, 0%, []
qpalzmwoskxg, 0, 600880000, 283168773386397.25000000000000000, 0.00000000000000000, 0, 283168773386397.25000000000000000, 0%, ["eosliquideos"]
gy2tkojrg4ge, 0, 22619478678, 10659582665239358.00000000000000000, 0.00000000000000000, 0, 10659582665239358.00000000000000000, 0%, ["atticlabeosb","cochainworld","eosantpoolbp","eosbeijingbp","eosbixinboot","eoscandyone1","eoscannonchn","eoscybexiobp","eosfishrocks","eosflytomars","eoshuobipool","eosiomeetone","eosiosg11111","eosisgravity","eoslambdacom","eoslaomaocom","eosliquideos","eospaceioeos","eospacificbp","eosplayworld","eosstorebest","eossv12eossv","eosvolgabpru","eoswenzhoubp","eoswinwinwin","jedaaaaaaaaa","oraclegogogo","starteosiobp","unlimitedeos","zbeosbp11111"]
guytcojzguge, 0, 40000, 11086339043193170.00000000000000000, 0.00000000000000000, 0, 0, 0%, []
gu4dgojygege, 0, 42481, 0.00000000000000000, 0.00000000000000000, 0, 0, 0%, []
izcv2brw3sqe, 0, 15414730000, 7264296009490246.00000000000000000, 0.00000000000000000, 0, 7264296009490246.00000000000000000, 0%, ["acroeos12345","alohaeosprod","blockmatrix1","cryptolions1","eosasia11111","eosbeijingbp","eosbixinboot","eoscafeblock","eoscandyone1","eoscannonchn","eosisgravity","eoslaomaocom","eosnationftw","eosonoeosono","eospacificbp","eosriobrazil","eosswedenorg","eosunion1111","eoswingdotio","eoswinwinwin","geosoneforbp","helloeoscnbp","hkeoshkeosbp","jedaaaaaaaaa","oraclegogogo","tokenika4eos"]
gezdgojsgene, 0, 20937243850, 0.00000000000000000, 0.00000000000000000, 0, 0, 0%, []
gm3dcnqgenes, 0, 150000, 67917509865.65146636962890625, 0.00000000000000000, 0, 70688516855.21166992187500000, 3.9983932230316386%, ["argentinaeos","aus1genereos","bitfinexeos1","cryptolions1","cypherglasss","eos42freedom","eosamsterdam","eosauthority","eoscafeblock","eoscanadacom","eoscannonchn","eosdacserver","eosdublinwow","eoseouldotio","eosflytomars","eosiomeetone","eosisgravity","eoslaomaocom","eosliquideos","eosnationftw","eosnewyorkio","eosriobrazil","eosswedenorg","eosyskoreabp","jedaaaaaaaaa","libertyblock","sheos21sheos","teamgreymass","tokenika4eos"]
guztoojqgege, 0, 20696271732, 9124404636447192.00000000000000000, 0.00000000000000000, 0, 9753258354450152.00000000000000000, 6.662410684057544%, ["acroeos12345","bpacbpacbpac","bpkhmereoskh","eosfishrocks","eosholdings1","eoshuobipool","eosliquideos","eosvietnambp","libertyblock","philippinebp","sheos21sheos"]
ha2tanbqg4ge, 0, 222768786, 0.00000000000000000, 0.00000000000000000, 0, 0, 0%, []
gmytmnjxhege, 0, 20059886075, 7844035229484434.00000000000000000, 0.00000000000000000, 0, 9453357299508422.00000000000000000, 18.607683988514896%, ["argentinaeos","aus1genereos","blocksmithio","cryptolions1","cypherglasss","eos42freedom","eosafricaone","eosamsterdam","eosasia11111","eosauthority","eoscanadacom","eoscannonchn","eosdublinwow","eoseouldotio","eosfishrocks","eosiomeetone","eosnairobike","eosnodeonebp","eosphereiobp","eosriobrazil","eossv12eossv","eosswedenorg","eosvenezuela","eosyskoreabp","hkeoshkeosbp","libertyblock","sheos21sheos","teamgreymass","tokenika4eos"]
gezdenbtgene, 0, 20006582744, 0.00000000000000000, 0.00000000000000000, 0, 0, 0%, []
vdcseqykmyrd, huobiproxy33, 20000041000, 9425154902222828.00000000000000000, 0.00000000000000000, 0, 0, 0%, []
vdvrbmlpacqz, huobiproxy22, 20000041000, 9425154902222828.00000000000000000, 0.00000000000000000, 0, 0, 0%, []
vqbhjbutawdh, huobiproxy11, 20000041000, 9425154902222828.00000000000000000, 0.00000000000000000, 0, 0, 0%, []
vumwtfajoomk, huobiproxy44, 20000041000, 9425154902222828.00000000000000000, 0.00000000000000000, 0, 0, 0%, []
vtdrjyxkwysj, 0, 20000041000, 9425154902222828.00000000000000000, 0.00000000000000000, 0, 9425154902222828.00000000000000000, 0%, ["aus1genereos","bitfinexeos1","blockmatrix1","cryptolions1","dposclubprod","eosantpoolbp","eosasia11111","eosbeijingbp","eosbixinboot","eoscannonchn","eosecoeoseco","eoseouldotio","eosflytomars","eoshuobipool","eosiomeetone","eosisgravity","eoslaomaocom","eosriobrazil","eosstorebest","eossv12eossv","eosthushuimu","eostribeprod","eosunion1111","geosoneforbp","helloeoscnbp","hkeoshkeosbp","jrrcryptoeos","oraclegogogo","sheleaders21","sheos21sheos"]
ycheosforzb3, 0, 0, 0.00000000000000000, 0.00000000000000000, 0, 0, 0%, ["eosbixinboot","zbeosbp11111"]
uixcernmdjhf, madeofstarks, 20000010000, 9055672509920852.00000000000000000, 0.00000000000000000, 0, 0, 0%, []
eosforbp2222, 0, 20000000000, 9425135580694888.00000000000000000, 0.00000000000000000, 0, 9425135580694888.00000000000000000, 0%, ["atticlabeosb","bitfinexeos1","cochainworld","eosantpoolbp","eosbeijingbp","eosbixinboot","eoscannonchn","eosfishrocks","eosgenblockp","eoshuobipool","eosiosg11111","eoslambdacom","eospaceioeos","eospacificbp","unlimitedeos","zbeosbp11111"]
yangeosforz4, 0, 20000000000, 9425135580694888.00000000000000000, 0.00000000000000000, 0, 9425135580694888.00000000000000000, 0%, ["atticlabeosb","cochainworld","eosantpoolbp","eosbeijingbp","eosbixinboot","eoscannonchn","eosfishrocks","eosgenblockp","eosiosg11111","eoslambdacom","eospaceioeos","eospacificbp","jedaaaaaaaaa","unlimitedeos","zbeosbp11111"]
qaojw3dryghl, 0, 20000000000, 8031915775549638.00000000000000000, 0.00000000000000000, 0, 9425135580694888.00000000000000000, 15.961685358127605%, ["eosbixinboot","eoslaomaocom","jrrcryptoeos","sheleaders21"]
gq4dinigenes, 0, 771200, 0.00000000000000000, 0.00000000000000000, 0, 0, 0%, []
eosio.ramfee, undefined, undefined, undefined, undefined, undefined, 0, 0%, undefined
gezdgnjzgene, 0, 19149092124, 0.00000000000000000, 0.00000000000000000, 0, 0, 0%, []
gezdenbygene, 0, 19146944563, 0.00000000000000000, 0.00000000000000000, 0, 0, 0%, []
haytmmjrgige, 0, 358400, 168898429606.05239868164062500, 0.00000000000000000, 0, 168898429606.05239868164062500, 0%, ["eosauthority","eoscanadacom","eosnewyorkio"]
gezdenzugene, 0, 16084215098, 0.00000000000000000, 0.00000000000000000, 0, 0, 0%, []
gezdcobsgene, 0, 15288452668, 0.00000000000000000, 0.00000000000000000, 0, 0, 0%, []
bitfinexdep1, 0, 3780000, 0.00000000000000000, 0.00000000000000000, 0, 0, 0%, []
ha2dimjqg4ge, lukeeosproxy, 15011900000, 6980784558136412.00000000000000000, 0.00000000000000000, 0, 0, 0%, []
vawzvsywbzcc, 0, 15000041000, 7068871007049107.00000000000000000, 0.00000000000000000, 0, 7068871007049107.00000000000000000, 0%, ["atticlabeosb","cochainworld","eosantpoolbp","eosbeijingbp","eosbixinboot","eoscannonchn","eoscleanerbp","eosdotwikibp","eosfishrocks","eosflytomars","eosgalaxybp1","eosgenblockp","eoshenzhenio","eoslambdacom","eoslaomaocom","eospaceioeos","eospacificbp","eosuestciobp","eosunion1111","jedaaaaaaaaa","jrrcryptoeos","moreisfuture","oraclegogogo","qxeosqxeosbp","starteosiobp","unlimitedeos","zbeosbp11111"]
eosforbp1111, 0, 15000000000, 6439106393353285.00000000000000000, 0.00000000000000000, 0, 7068851685521166.00000000000000000, 9.324063466746466%, ["bitfinexeos1","eosbeijingbp","eosbixinboot","eosgenblockp","eoshuobipool","eosunion1111","starteosiobp","zbeosbp11111"]
eosforbp3333, 0, 15000000000, 7068851685521166.00000000000000000, 0.00000000000000000, 0, 7068851685521166.00000000000000000, 0%, ["bitfinexeos1","eosbixinboot","eosgenblockp","eoshuobipool","eosiosg11111","eospacificbp","eosunion1111","starteosiobp","unlimitedeos","zbeosbp11111"]
gezdenjxgene, 0, 14882807848, 0.00000000000000000, 0.00000000000000000, 0, 0, 0%, []
gq2tknagenes, 0, 14429012037, 5349233004215019.00000000000000000, 0.00000000000000000, 0, 6799769737210177.00000000000000000, 23.879107839019145%, ["cypherglasss","eoscafeblock","eosswedenorg"]
gy3dgojyhage, 0, 13000000000, 6126338127451678.00000000000000000, 0.00000000000000000, 0, 6126338127451678.00000000000000000, 0%, ["atticlabeosb","cochainworld","eosbeijingbp","eosbixinboot","eoscannonchn","eoscybexiobp","eosfishrocks","eosflytomars","eoshenzhenio","eosiomeetone","eosiosg11111","eoslaomaocom","eosmedinodes","eospaceioeos","eospacificbp","eosplayworld","eosstorebest","eosvolgabpru","geosoneforbp","helloeoscnbp","jedaaaaaaaaa","oraclegogogo","qxeosqxeosbp","sheleaders21","starteosiobp","syndicateoss","unlimitedeos"]
gezdgnjsgene, 0, 13891861622, 0.00000000000000000, 0.00000000000000000, 0, 0, 0%, []
gezdemrrgene, 0, 13870513761, 0.00000000000000000, 0.00000000000000000, 0, 0, 0%, []
aircondition, 11firstblood, 13674153000, 6444037298808288.00000000000000000, 0.00000000000000000, 0, 0, 0%, []
fjs3ipzchgmu, 0, 13564780000, 6392494531114920.00000000000000000, 0.00000000000000000, 0, 6392494531114920.00000000000000000, 0%, ["eosantpoolbp","eosasia11111","eosbixinboot","eosflytomars","eoshenzhenio","eosisgravity","eoslaomaocom","eosmotioneos","geosoneforbp","helloeoscnbp","oraclegogogo","starteosiobp"]
gezdgnrvgene, 0, 13153407268, 0.00000000000000000, 0.00000000000000000, 0, 0, 0%, []
gezdgnzqgene, 0, 12808877048, 0.00000000000000000, 0.00000000000000000, 0, 0, 0%, []
eoswithmixin, 0, 33000000, 0.00000000000000000, 0.00000000000000000, 0, 0, 0%, []
gm2dqnjugmge, 0, 12121412423, 0.00000000000000000, 0.00000000000000000, 0, 0, 0%, []
gezdembwgene, 0, 11879469899, 0.00000000000000000, 0.00000000000000000, 0, 0, 0%, []
2joo3r3mf1oa, 0, 2000, 0.00000000000000000, 0.00000000000000000, 0, 0, 0%, []
ha4tsmrthage, 0, 11693123050, 5510463505399927.00000000000000000, 0.00000000000000000, 0, 5510463505399927.00000000000000000, 0%, ["atticlabeosb","cochainworld","eosantpoolbp","eosasia11111","eosbeijingbp","eosbixinboot","eoscandyone1","eoscannonchn","eosfishrocks","eoshuobipool","eosiomeetone","eosiosg11111","eosisgravity","eoslambdacom","eoslaomaocom","eosliquideos","eosmotioneos","eospaceioeos","eospacificbp","eosstorebest","eossv12eossv","eosunion1111","eosvolgabpru","eoswancloud1","eoswenzhoubp","eoswinwinwin","oraclegogogo","starteosiobp","unlimitedeos","zbeosbp11111"]
lemmingsfund, 0, 11751541962, 5537993813703761.00000000000000000, 0.00000000000000000, 0, 5537993813703761.00000000000000000, 0%, ["alohaeosprod","auroraeoscom","eoscafeblock","eoscanadacom"]
gi2dgnzzgige, 0, 14315, 6656714403.22162723541259766, 0.00000000000000000, 0, 6746040791.88236618041992188, 1.3329556104012037%, ["bp2bp2bp2bp2","bpacbpacbpac","bpkhmereoskh","eosfishrocks","eoslaomaocom","eosliquideos","eosonoeosono","eosvietnambp","libertyblock","philippinebp","sheos21sheos"]
guydsnbsgige, 0, 7782674, 0.00000000000000000, 0.00000000000000000, 0, 0, 0%, []
sz1tkw34otro, xfvkn4yzvgum, 10844860000, 4976264817503152.00000000000000000, 0.00000000000000000, 0, 0, 0%, []
khrulqcqopt2, 2buvnbt2p2vp, 10826730000, 4967945698478902.00000000000000000, 0.00000000000000000, 0, 0, 0%, []
poloniexeos1, 0, 607000, 0.00000000000000000, 0.00000000000000000, 0, 0, 0%, []
eoswalletold, undefined, undefined, undefined, undefined, undefined, 0, 0%, undefined
ge3tanjxgige, 0, 10128600000, 4773171412131312.00000000000000000, 0.00000000000000000, 0, 4773171412131312.00000000000000000, 0%, ["auroraeoscom","aus1genereos","cryptolions1","cypherglasss","eosdacserver","eosiomeetone","hkeoshkeosbp"]
gqytknygenes, 0, 8835857963, 0.00000000000000000, 0.00000000000000000, 0, 0, 0%, []
guytonjyg4ge, 0, 5445414267, 2018765362726527.50000000000000000, 0.00000000000000000, 0, 2566188387976264.00000000000000000, 23.87910783901914%, ["acroeos12345","blockmatrix1","bp2bp2bp2bp2","bpacbpacbpac","bpkhmereoskh","cryptolions1","eos42freedom","eosarabianet","eosasia11111","eoscafeblock","eoscanadacom","eoscannonchn","eosdacserver","eosfishrocks","eosholdings1","eosliquideos","eosmetaliobp","eosnairobike","eosnationftw","eosnewyorkio","eosnodeonebp","eosriobrazil","eossocalprod","eosswedenorg","eostribeprod","eosvietnambp","libertyblock","sheos21sheos","tokenika4eos"]
gu2tkmztgige, 0, 8379091732, 3948703780858978.00000000000000000, 0.00000000000000000, 0, 3948703780858978.00000000000000000, 0%, ["acroeos12345","atticlabeosb","cochainworld","eosantpoolbp","eosasia11111","eosauthority","eosbeijingbp","eosbixinboot","eoscannonchn","eosdublinwow","eosfishrocks","eosflytomars","eoshenzhenio","eosisgravity","eoslambdacom","eoslaomaocom","eoslawyereos","eosmedinodes","eospaceioeos","eosstorebest","eossv12eossv","eostark11111","eosunion1111","geosoneforbp","jedaaaaaaaaa","jrrcryptoeos","qxeosqxeosbp","sheleaders21","starteosiobp","zbeosbp11111"]
pxneosincome, undefined, undefined, undefined, undefined, undefined, 0, 0%, undefined
ge4denjsgage, 0, 10001187020, 0.00000000000000000, 0.00000000000000000, 0, 0, 0%, []
vvpoxnzkumsv, huobiproxy55, 10000041000, 4712587111875385.00000000000000000, 0.00000000000000000, 0, 0, 0%, []
vmlhksgswuca, huobiproxy11, 10000041000, 4712587111875385.00000000000000000, 0.00000000000000000, 0, 0, 0%, []
vubhblsuryem, galaxypirate, 10000041000, 4712587111875385.00000000000000000, 0.00000000000000000, 0, 0, 0%, []
vnnfmmimozgc, huobiproxy22, 10000041000, 4712587111875385.00000000000000000, 0.00000000000000000, 0, 0, 0%, []
yangeosforz5, 0, 10000000000, 4712567790347444.00000000000000000, 0.00000000000000000, 0, 4712567790347444.00000000000000000, 0%, ["atticlabeosb","cochainworld","eosbeijingbp","eosgenblockp","eoslaomaocom","eospaceioeos","eosuestciobp","starteosiobp","unlimitedeos","zbeosbp11111"]
yangeosforz1, 0, 10000020000, 4712577215483025.00000000000000000, 0.00000000000000000, 0, 4712577215483025.00000000000000000, 0%, ["atticlabeosb","cochainworld","eosbeijingbp","eosbixinboot","eoscannonchn","eosfishrocks","eosgenblockp","eoshenzhenio","eosiosg11111","eosisgravity","eoslaomaocom","eospaceioeos","eosuestciobp","eosunion1111","jedaaaaaaaaa","jrrcryptoeos","oraclegogogo","unlimitedeos","zbeosbp11111"]
steamcapital, 0, 4000004000, 1885029001166093.75000000000000000, 0.00000000000000000, 0, 1885029001166093.75000000000000000, 0%, ["eoscannonchn","eosisgravity","helloeoscnbp"]
daoxiangqvqv, donglovelong, 10000000000, 4712567790347444.00000000000000000, 0.00000000000000000, 0, 0, 0%, []
daoxiangququ, longgevvdong, 10000000000, 4712567790347444.00000000000000000, 0.00000000000000000, 0, 0, 0%, []
falleninlove, nnnnnnnnnnnz, 10000000000, 4712567790347444.00000000000000000, 0.00000000000000000, 0, 0, 0%, []
folleninlove, dongdongxxxx, 10000000000, 4712567790347444.00000000000000000, 0.00000000000000000, 0, 0, 0%, []
asey1xkh2nht, ktjn11hr1dm5, 320000, 150802169291.11822509765625000, 0.00000000000000000, 0, 0, 0%, []
gateiowallet, 0, 10000000, 0.00000000000000000, 0.00000000000000000, 0, 0, 0%, []
3udul2oxofyi, lzzikr2m131t, 9177050000, 4210974696166414.50000000000000000, 0.00000000000000000, 0, 0, 0%, []
ge2tsmbzg4ge, 0, 9158972965, 0.00000000000000000, 0.00000000000000000, 0, 0, 0%, []
wallet4bixin, 0, 200000, 0.00000000000000000, 0.00000000000000000, 0, 0, 0%, []
tokenbankpro, 0, 1622000, 0.00000000000000000, 0.00000000000000000, 0, 0, 0%, []
gu3domzrhege, eostotheboom, 8060646446, 3194257949819892.00000000000000000, 0.00000000000000000, 0, 0, 0%, []
eoswarm1ledg, 0, 10000, 0.00000000000000000, 0.00000000000000000, 0, 0, 0%, []
newzealand13, 0, 2000, 0.00000000000000000, 0.00000000000000000, 0, 0, 0%, []
vrmapriliojz, e2e2e2e2e2e2, 41000, 19065685681.59879302978515625, 0.00000000000000000, 0, 0, 0%, []
ge4dknjygyge, 0, 7999904984, 0.00000000000000000, 0.00000000000000000, 0, 0, 0%, []
ge4dimrzhege, 0, 7999902287, 0.00000000000000000, 0.00000000000000000, 0, 0, 0%, []
gy4tsobxguge, 0, 7867517499, 0.00000000000000000, 0.00000000000000000, 0, 0, 0%, []
otcbtcdotcom, 0, 3000000, 0.00000000000000000, 0.00000000000000000, 0, 0, 0%, []
gm2tgmigenes, 0, 7669762427, 0.00000000000000000, 0.00000000000000000, 0, 0, 0%, []
gqydmmrygmge, 0, 7544704808, 0.00000000000000000, 0.00000000000000000, 0, 0, 0%, []
gezdimbvgene, 0, 7345664720, 0.00000000000000000, 0.00000000000000000, 0, 0, 0%, []
amandaamanda, 0, 40000000, 18850271161389.77734375000000000, 0.00000000000000000, 0, 18850271161389.77734375000000000, 0%, ["eoscannonchn","eosiomeetone","eoslaomaocom","eosstorebest"]
gq2tiobzguge, 0, 214336, 0.00000000000000000, 0.00000000000000000, 0, 0, 0%, []
gyztqobsgege, 0, 3980000000, 1535695483449163.00000000000000000, 0.00000000000000000, 0, 1875601980558282.75000000000000000, 19.928282461173126%, ["eosantpoolbp","eoscannonchn","eosholdings1","eosnewyorkio","eosyskoreabp","jedaaaaaaaaa","sheos21sheos","stakedstaked"]
st2xwkjconuh, x2qkz5yqw5n4, 7089440000, 3253055442652053.50000000000000000, 0.00000000000000000, 0, 0, 0%, []
gi2dsnzrgmge, 0, 6999900000, 0.00000000000000000, 0.00000000000000000, 0, 0, 0%, []
gopaxdeposit, 0, 6000000, 0.00000000000000000, 0.00000000000000000, 0, 0, 0%, []
hazdqojtgqge, 0, 410000, 193215279404.24520874023437500, 0.00000000000000000, 0, 193215279404.24520874023437500, 0%, ["blockmatrix1","bp2bp2bp2bp2","bpacbpacbpac","bpkhmereoskh","eoscafeblock","eosdublinwow","eosholdings1","eosmetaliobp","eosnairobike","eossocalprod","eostribeprod","eosvietnambp","hkeoshkeosbp","libertyblock","philippinebp","sheleaders21","sheos21sheos","tokenika4eos"]
kucoincenter, 0, 20000, 0.00000000000000000, 0.00000000000000000, 0, 0, 0%, []
gq3timbugene, 0, 6548919684, 0.00000000000000000, 0.00000000000000000, 0, 0, 0%, []
gy2dgmrshage, 0, 6508616057, 2545069969760337.50000000000000000, 0.00000000000000000, 0, 3067229438995638.50000000000000000, 18.6076839885149%, ["argentinaeos","aus1genereos","blocksmithio","cryptolions1","cypherglasss","eos42freedom","eosafricaone","eosamsterdam","eosasia11111","eosauthority","eoscanadacom","eoscannonchn","eosdublinwow","eoseouldotio","eosfishrocks","eosiomeetone","eosnairobike","eosnodeonebp","eosphereiobp","eosriobrazil","eossv12eossv","eosswedenorg","eosvenezuela","eosyskoreabp","hkeoshkeosbp","libertyblock","sheos21sheos","teamgreymass","tokenika4eos"]
gy2tenjxg4ge, 0, 1214137878, 572170705690359.50000000000000000, 0.00000000000000000, 0, 572170705690359.50000000000000000, 0%, ["argentinaeos","aus1genereos","blockmatrix1","eos42freedom","eosauthority","eoscanadacom","eosdacserver","eoseouldotio","eosliquideos","eosmedinodes","eosnairobike","eosnationftw","eosnewyorkio","eosphereiobp","eosriobrazil","eosswedenorg","eosvenezuela","jedaaaaaaaaa","jrrcryptoeos","libertyblock","sheos21sheos"]
gi3tgnbtgqge, 0, 116103012, 0.00000000000000000, 0.00000000000000000, 0, 0, 0%, []
gm3tknrrguge, 0, 200000000, 83596146973392.14062500000000000, 0.00000000000000000, 0, 94251355806948.89062500000000000, 11.982410398775148%, ["eosliquideos"]
gu2dgnbyhege, 0, 6201237310, 2883679058279590.50000000000000000, 0.00000000000000000, 0, 2922375120740683.00000000000000000, 1.3329556104012132%, ["1eostheworld"]
guytemrxgege, 0, 190000, 0.00000000000000000, 0.00000000000000000, 0, 0, 0%, []
ge4dmmzugmge, 0, 400000, 186006689576.57357788085937500, 0.00000000000000000, 0, 188502711613.89776611328125000, 1.3329556104012137%, ["alohaeosprod","argentinaeos","auroraeoscom","aus1genereos","bitspacenode","cryptolions1","cypherglasss","eos42freedom","eosauthority","eosbarcelona","eoscafeblock","eoscanadacom","eosdublinwow","eosflareiobp","eosiodetroit","eosiomeetone","eosisgravity","eosmetaliobp","eosnairobike","eosnationftw","eosnewyorkio","eosphereiobp","eosriobrazil","eosswedenorg","eostribeprod","hkeoshkeosbp","teamgreymass","tokenika4eos"]
gezdemzugene, 0, 6230896236, 0.00000000000000000, 0.00000000000000000, 0, 0, 0%, []
eosio.names, undefined, undefined, undefined, undefined, undefined, 0, 0%, undefined
gm3dcnzwgmge, 0, 6112514140, 0.00000000000000000, 0.00000000000000000, 0, 0, 0%, []
gm2tcobtg4ge, 0, 5656070111, 2560974650431059.00000000000000000, 0.00000000000000000, 0, 2665461382504549.50000000000000000, 3.9983932230316466%, ["argentinaeos","atticlabeosb","eosantpoolbp","eosbeijingbp","eosbixinboot","eoscannonchn","eoscybexiobp","eosfishrocks","eosflytomars","eoshenzhenio","eosiomeetone","eosisgravity","eoslambdacom","eoslaomaocom","eoslawyereos","eosmedinodes","eosstorebest","eoswancloud1","geosoneforbp","jrrcryptoeos","oraclegogogo","qxeosqxeosbp","sheleaders21","starteosiobp","superoneiobp","unlimitedeos"]
turkmanistan, 0, 2100000, 913571778301.50939941406250000, 0.00000000000000000, 0, 989639235972.96325683593750000, 7.993591577700237%, ["argentinaeos","aus1genereos","cryptolions1","eosafricaone","eosamsterdam","eosasia11111","eosauthority","eoscanadacom","eosdacserver","eosdublinwow","eosflareiobp","eosiomeetone","eosisgravity","eosliquideos","eosmetaliobp","eosnairobike","eosnewyorkio","eosriobrazil","eosswedenorg","eosteaeostea","eostitanprod","eosvenezuela","eosyskoreabp","libertyblock","sheos21sheos","teamgreymass","tokenika4eos"]
haytinzzg4ge, 0, 5680779992, 0.00000000000000000, 0.00000000000000000, 0, 0, 0%, []
geytkmbvgene, eostitanvote, 5652141252, 2458874635619504.50000000000000000, 0.00000000000000000, 0, 0, 0%, []
ha4tgnjwgqge, 0, 5648448458, 0.00000000000000000, 0.00000000000000000, 0, 0, 0%, []
roztey4g53vc, 0, 5600000000, 2639037962594569.00000000000000000, 0.00000000000000000, 0, 2639037962594569.00000000000000000, 0%, ["atticlabeosb","cochainworld","eosbeijingbp","eoscannonchn","eoshenzhenio","eoshuobipool","eosiosg11111","eoslaomaocom","eosliquideos","eospaceioeos","eospacificbp","eosvolgabpru","unlimitedeos"]
libertarian1, 0, 5179519668, 2314147003884288.50000000000000000, 0.00000000000000000, 0, 2440883755688789.00000000000000000, 5.330638568398202%, ["acroeos12345","alohaeosprod","bitfinexeos1","cypherglasss","eosauthority","eoscafeblock","eoscanadacom","eosdacserver","eoseouldotio","eosgermanybp","eosiodetroit","eosiomeetone","eosiosg11111","eosliquideos","eosmetaliobp","eosnairobike","eosnationftw","eosnewyorkio","eosnodeonebp","eosriobrazil","eossv12eossv","eostitanprod","eosukblocpro","eosvenezuela","eoswinwinwin","eosyskoreabp","hkeoshkeosbp","libertyblock","philippinebp","teamgreymass"]
gizdmmbxhage, 0, 5519850000, 2601266731754934.00000000000000000, 0.00000000000000000, 0, 2601266731754934.00000000000000000, 0%, ["atticlabeosb","cochainworld","eosbeijingbp","eosbixinboot","eoscandyone1","eoscannonchn","eosfishrocks","eoshuobipool","eosiomeetone","eosiosg11111","eosisgravity","eoslambdacom","eoslaomaocom","eosliquideos","eosmotioneos","eospaceioeos","eospacificbp","eosstorebest","eosvolgabpru","eoswenzhoubp","eoswinwinwin","jedaaaaaaaaa","starteosiobp","syndicateoss","unlimitedeos","zbeosbp11111"]
zbeoscharge1, 0, 200000, 0.00000000000000000, 0.00000000000000000, 0, 0, 0%, []
geyteojshege, 0, 5418827256, 0.00000000000000000, 0.00000000000000000, 0, 0, 0%, []
fiboscouncil, 0, 10000, 0.00000000000000000, 0.00000000000000000, 0, 0, 0%, []
gm2tsmrxgmge, 0, 101976, 0.00000000000000000, 0.00000000000000000, 0, 0, 0%, []
giytemzxgege, madeofstarks, 5334211331, 2383261375757223.00000000000000000, 0.00000000000000000, 0, 0, 0%, []
crhxhns3qkln, loglnah3nx5d, 5272690000, 2419422817869543.50000000000000000, 0.00000000000000000, 0, 0, 0%, []
gq4tqmztguge, 0, 5248269103, 0.00000000000000000, 0.00000000000000000, 0, 0, 0%, []
eosbetcasino, 0, 4815576124, 2269372893392859.00000000000000000, 0.00000000000000000, 0, 2269372893392859.00000000000000000, 0%, ["alohaeosprod","auroraeoscom","aus1genereos","cryptolions1","eosasia11111","eosauthority","eoscafeblock","eosfishrocks","eosiodetroit","eosliquideos","eosnairobike","eosnationftw","eosriobrazil","eosswedenorg","eostitanprod","eosyskoreabp","sheos21sheos","syndicateoss","teamgreymass","tokenika4eos"]
hazdmmrvgige, 0, 600620, 0.00000000000000000, 0.00000000000000000, 0, 0, 0%, []
bankreserves, 0, 3500002000, 0.00000000000000000, 0.00000000000000000, 0, 0, 0%, []
gqydimjvgene, 0, 5147247569, 0.00000000000000000, 0.00000000000000000, 0, 0, 0%, []
gqytkobqgyge, 0, 5087676503, 2365854659898871.00000000000000000, 0.00000000000000000, 0, 2397602041574532.00000000000000000, 1.3329556104012061%, ["auroraeoscom","bitfinexeos1","cryptolions1","eos42freedom","eoscannonchn","eosdacserver","eosriobrazil","eosswedenorg","eosukblocpro","hkeoshkeosbp","libertyblock","sheos21sheos","teamgreymass"]
idp5tgj21vla, tpatksgyanjo, 5106610000, 2343215466101892.50000000000000000, 0.00000000000000000, 0, 0, 0%, []
giytimrsgage, 0, 5095720003, 2401392595476698.00000000000000000, 0.00000000000000000, 0, 2401392595476698.00000000000000000, 0%, ["argentinaeos","aus1genereos","cryptolions1","cypherglasss","eosamsterdam","eosauthority","eosbixinboot","eoscafeblock","eoscanadacom","eosdacserver","eosdublinwow","eosgermanybp","eosholdings1","eosiosg11111","eosisgravity","eosliquideos","eosmedinodes","eosmetaliobp","eosmiamidade","eosnairobike","eosnationftw","eosnewyorkio","eospaceioeos","eosriobrazil","eosswedenorg","eostribeprod","eosukblocpro","eosvibesbloc","helloeoscnbp","teamgreymass"]
ha4dcobvgmge, 0, 5070073135, 1930399607277543.25000000000000000, 0.00000000000000000, 0, 2389306335070689.00000000000000000, 21.247128110932465%, ["bpacbpacbpac"]
hazdanjugege, heyeosman123, 5003326338, 2119357074532868.00000000000000000, 0.00000000000000000, 0, 0, 0%, []
vgqvuacpfnmg, 0, 41000, 19321527940.42452239990234375, 0.00000000000000000, 0, 19321527940.42452239990234375, 0%, ["cochainworld","eosantpoolbp","eosbeijingbp","eoscannonchn","eoscybexiobp","eosflytomars","eoshuobipool","eoslambdacom","eoslaomaocom","eosunion1111","geosoneforbp","jrrcryptoeos","oraclegogogo","qxeosqxeosbp","sheleaders21","starteosiobp","unlimitedeos","zbeosbp11111"]
vddudgwjpixi, 0, 5282271000, 2489306017448638.50000000000000000, 0.00000000000000000, 0, 2489306017448638.50000000000000000, 0%, ["cochainworld","eosantpoolbp","eosbeijingbp","eoscannonchn","eoscybexiobp","eosflytomars","eosgenblockp","eoshuobipool","eosiosg11111","eoslambdacom","eoslaomaocom","eosmotioneos","eospaceioeos","eosunion1111","geosoneforbp","jedaaaaaaaaa","jrrcryptoeos","moreisfuture","oraclegogogo","qxeosqxeosbp","sheleaders21","starteosiobp","unlimitedeos","zbeosbp11111"]
yangeosforz3, 0, 5000000000, 2356283895173722.00000000000000000, 0.00000000000000000, 0, 2356283895173722.00000000000000000, 0%, ["eosbeijingbp","eosbixinboot","eosgenblockp","eosiosg11111","eosunion1111","unlimitedeos","zbeosbp11111"]
eosairclubmc, 0, 400000, 0.00000000000000000, 0.00000000000000000, 0, 0, 0%, []
chainceonram, undefined, undefined, undefined, undefined, undefined, 0, 0%, undefined
zhuchzhwjsz1, 0, 4920690000, 2257904345914985.00000000000000000, 0.00000000000000000, 0, 2318908520028476.50000000000000000, 2.6657928082412843%, ["costaricaeos","cryptolions1","eos42freedom","eosadddddddd","eosbeijingbp","eosbixinboot","eoscanadacom","eoscannonchn","eosdublinwow","eosiomeetone","eosisgravity","eosnationftw","eosnewyorkio","eosnodeonebp","eosphereiobp","eosstorebest","eostribeprod","eosunion1111","eosvibesbloc","jedaaaaaaaaa","sheos21sheos"]
vlwvbjwwvbkd, 0, 4920041000, 2318602674378883.00000000000000000, 0.00000000000000000, 0, 2318602674378883.00000000000000000, 0%, ["eosbeijingbp","eosstorebest"]
gm2tqnjygyge, 0, 5203679, 0.00000000000000000, 0.00000000000000000, 0, 0, 0%, []
kickmyfatass, 0, 20000, 8359614697.33921432495117188, 0.00000000000000000, 0, 9425135580.69488906860351563, 11.982410398775139%, ["bitfinexeos1","teamgreymass"]
gezdsmbsg4ge, 0, 4754463469, 2181629757035931.25000000000000000, 0.00000000000000000, 0, 2240573140439297.50000000000000000, 2.6657928082412905%, ["acroeos12345","alohaeosprod","argentinaeos","aus1genereos","costaricaeos","cryptolions1","cypherglasss","eos42freedom","eosafricaone","eosamsterdam","eosauthority","eoscanadacom","eosdacserver","eosdublinwow","eosflareiobp","eosiodetroit","eosiomeetone","eosiosg11111","eosisgravity","eosliquideos","eosnairobike","eosnationftw","eosnewyorkio","eosphereiobp","eosriobrazil","eosswedenorg","eosukblocpro","jedaaaaaaaaa","teamgreymass","tokenika4eos"]
gu3tenagenes, lukeeosproxy, 4733799449, 1978636972405833.75000000000000000, 0.00000000000000000, 0, 0, 0%, []
dg4ns3fpwupe, me2lr2wubwzd, 4711170000, 2161764146358397.00000000000000000, 0.00000000000000000, 0, 0, 0%, []
mpzv1bwkwima, fivvybx5o4eh, 4604370000, 2112757973617639.00000000000000000, 0.00000000000000000, 0, 0, 0%, []
gi4tmmbqg4ge, 0, 4596959147, 0.00000000000000000, 0.00000000000000000, 0, 0, 0%, []
g4ytmnzsgige, 0, 4336200000, 2043463645250458.75000000000000000, 0.00000000000000000, 0, 2043463645250458.75000000000000000, 0%, ["argentinaeos","atticlabeosb","bitfinexeos1","cypherglasss","eos42freedom","eosasia11111","eosauthority","eosbeijingbp","eosbixinboot","eoscanadacom","eoscannonchn","eosdacserver","eosfishrocks","eosflytomars","eosgenblockp","eoshuobipool","eosiosg11111","eosisgravity","eoslaomaocom","eosliquideos","eosnewyorkio","eospaceioeos","eosriobrazil","eosswedenorg","eosyskoreabp","jedaaaaaaaaa","libertyblock","starteosiobp","teamgreymass","zbeosbp11111"]
djwqmqurkdov, 5lwhr2hargj5, 4504120000, 2066757329261262.75000000000000000, 0.00000000000000000, 0, 0, 0%, []
geztonrqgyge, 0, 4484760418, 0.00000000000000000, 0.00000000000000000, 0, 0, 0%, []
grtwhtbufalo, 0, 4451891848, 2070204162498536.25000000000000000, 0.00000000000000000, 0, 2097984212899516.00000000000000000, 1.33295561040122%, ["auroraeoscom","eosfishrocks","eosiodetroit","eosnationftw","eosyskoreabp","sheos21sheos","teamgreymass"]
ge3tmnzygege, iamnotawhale, 4844808984, 2283149076838432.50000000000000000, 0.00000000000000000, 0, 0, 0%, []
geydimjugene, 0, 4423452761, 0.00000000000000000, 0.00000000000000000, 0, 0, 0%, []
hezdgmbuhage, 0, 522525, 246243448465.12982177734375000, 0.00000000000000000, 0, 246243448465.12982177734375000, 0%, ["bitfinexeos1","eos42freedom","eoscanadacom","eoscannonchn","eosnewyorkio","starteosiobp","zbeosbp11111"]
gu2dkmjvgige, 0, 3006282468, 1416730992738302.25000000000000000, 0.00000000000000000, 0, 1416730992738302.25000000000000000, 0%, ["acroeos12345","aus1genereos","blocksmithio","cryptolions1","cypherglasss","eos42freedom","eosamsterdam","eosasia11111","eosauthority","eoscafeblock","eoscanadacom","eosdacserver","eosdublinwow","eoseouldotio","eosflareiobp","eosiomeetone","eosliquideos","eosnationftw","eosnewyorkio","eosnodeonebp","eosphereiobp","eosswedenorg","eostribeprod","eosunion1111","eosyskoreabp","hkeoshkeosbp","keoskorea111","libertyblock","teamgreymass","tokenika4eos"]
geztamjtguge, 0, 4072441268, 1795424918486380.50000000000000000, 0.00000000000000000, 0, 1919165554765850.50000000000000000, 6.662410684057547%, ["eoscybexiobp"]
gy2dcoigenes, eostitanvote, 4072337302, 1635433510964652.50000000000000000, 0.00000000000000000, 0, 0, 0%, []
coinonewallt, undefined, undefined, undefined, undefined, undefined, 0, 0%, undefined
biao55555555, meetoneproxy, 4000421200, 1860262760809860.00000000000000000, 0.00000000000000000, 0, 0, 0%, []
heztanrqgene, 0, 203698469, 0.00000000000000000, 0.00000000000000000, 0, 0, 0%, []
sensaysensay, 0, 51000, 24034095730.77196502685546875, 0.00000000000000000, 0, 24034095730.77196502685546875, 0%, ["alohaeosprod","auroraeoscom","aus1genereos","blockmatrix1","eos42freedom","eosauthority","eoscafeblock","eoscannonchn","eosdacserver","eosdublinwow","eosliquideos","eosnewyorkio","eosriobrazil","eosswedenorg","libertyblock","sheos21sheos","tokenika4eos"]
ha2dgnbxhage, 0, 20000000, 0.00000000000000000, 0.00000000000000000, 0, 0, 0%, []
gqydqnbqguge, 0, 4020415103, 0.00000000000000000, 0.00000000000000000, 0, 0, 0%, []
fcoindeposit, 0, 2000, 0.00000000000000000, 0.00000000000000000, 0, 0, 0%, []
g4ydmmjzg4ge, 0, 3999900000, 1763443511852182.00000000000000000, 0.00000000000000000, 0, 1884979990461074.25000000000000000, 6.662410684057527%, ["eosliquideos"]
evuaxqyrw5k2, 0, 4000000000, 1585112544617314.00000000000000000, 0.00000000000000000, 0, 0, 0%, []
gu4tqnagenes, tokenika4dev, 3888419241, 1540895529410108.50000000000000000, 0.00000000000000000, 0, 0, 0%, []
gqztgmjrgene, 0, 3874929254, 0.00000000000000000, 0.00000000000000000, 0, 0, 0%, []
gu3dknrrgege, 0, 1000002485, 465017879507992.93750000000000000, 0.00000000000000000, 0, 471257950107840.31250000000000000, 1.3329556104012192%, ["eosdacserver","eosisgravity","eosunion1111"]
gqzdknbsgage, 0, 191603, 83353854018.04957580566406250, 0.00000000000000000, 0, 90294212633.39413452148437500, 7.993591577700244%, ["aus1genereos","cryptolions1","cypherglasss","emergepoland","eos42freedom","eosasia11111","eosauthority","eoscanadacom","eosdacserver","eoseouldotio","eosfishrocks","eosflareiobp","eosgamesboot","eosiomeetone","eosjapanclub","eosnewyorkio","eospaceioeos","eosphereiobp","eosswedenorg","helloeoscnbp","hkeoshkeosbp","jedaaaaaaaaa","keoskorea111","libertyblock","starteosiobp","teamgreymass"]
guztgojug4ge, 0, 2011353459, 947863952588731.87500000000000000, 0.00000000000000000, 0, 947863952588731.87500000000000000, 0%, ["acroeos12345","aus1genereos","cryptolions1","eosamsterdam","eosantpoolbp","eosasia11111","eoscafeblock","eoscleanerbp","eosdotwikibp","eoseouldotio","eosgenblockp","eosiomeetone","eosisgravity","eosnationftw","eosnodeonebp","eospacificbp","eosstorebest","eostitanprod","eostribeprod","eosyskoreabp","helloeoscnbp","hkeoshkeosbp","oraclegogogo","teamgreymass","tokenika4eos"]
gi4dinbvhege, 0, 3752106527, 1721688956965239.00000000000000000, 0.00000000000000000, 0, 1768205636509261.25000000000000000, 2.6657928082412634%, ["alohaeosprod","argentinaeos","aus1genereos","bitspacenode","blockmatrix1","blocksmithio","costaricaeos","dutcheosxxxx","emergepoland","eos42freedom","eosafricaone","eosamericas2","eosamsterdam","eoscanadacom","eosdacserver","eosdublinwow","eosiodetroit","eosmetaliobp","eosnairobike","eosonoeosono","eosphereiobp","eosriobrazil","eosswedenorg","eostribeprod","eosvibesbloc","libertyblock","saltblockeos","sheos21sheos","teamgreymass","tokenika4eos"]
gu3tmnrqgege, 0, 3709568898, 0.00000000000000000, 0.00000000000000000, 0, 0, 0%, []
charboledger, 0, 3704000000, 1745535109544693.25000000000000000, 0.00000000000000000, 0, 1745535109544693.25000000000000000, 0%, ["alohaeosprod","atticlabeosb","aus1genereos","blocksmithio","cryptolions1","cypherglasss","eos42freedom","eosamsterdam","eosasia11111","eosauthority","eoscafeblock","eoscanadacom","eosdacserver","eosdublinwow","eosiodetroit","eosiomeetone","eosisgravity","eosliquideos","eosnationftw","eosnewyorkio","eosnodeonebp","eospaceioeos","eosphereiobp","eosriobrazil","eosswedenorg","eostribeprod","eosyskoreabp","sheos21sheos","teamgreymass","tokenika4eos"]
gi3dkmbsg4ge, 0, 5000000, 0.00000000000000000, 0.00000000000000000, 0, 0, 0%, []
geydonrsgage, 0, 3672718739, 0.00000000000000000, 0.00000000000000000, 0, 0, 0%, []
geytsojzg4ge, 0, 3615431944, 0.00000000000000000, 0.00000000000000000, 0, 0, 0%, []
gyzdggenesis, 0, 1775865112, 0.00000000000000000, 0.00000000000000000, 0, 0, 0%, []
maxlivswkgqh, 0, 3532150000, 1557225680739189.75000000000000000, 0.00000000000000000, 0, 1664549632067572.50000000000000000, 6.662410684057537%, ["acroeos12345","eosasia11111","eoscandyone1","eosdacserver","eosflytomars","eosisgravity","eoslaomaocom","eosonoeosono","eoswinwinwin","eoswtzeoswtz"]
ge2tomrzgege, cannonproxy1, 3000141980, 1322678294273946.50000000000000000, 0.00000000000000000, 0, 0, 0%, []
ge2temzwgyge, 0, 3471902107, 1636157404068762.50000000000000000, 0.00000000000000000, 0, 1636157404068762.50000000000000000, 0%, ["atticlabeosb","blockgenicbp","eosbixinboot","eoscannonchn","eoscybexiobp","eosflytomars","eosiomeetone","eoslaomaocom","eosstorebest","geosoneforbp","helloeoscnbp","onechaindapp","oraclegogogo","sheleaders21","sheos21sheos","starteosiobp","tokenika4eos","unlimitedeos"]
bcexcawallet, 0, 31000, 0.00000000000000000, 0.00000000000000000, 0, 0, 0%, []
ge3tenzwgene, 0, 3290008340, 1338983382738593.00000000000000000, 0.00000000000000000, 0, 1550438733305846.25000000000000000, 14.636514989836877%, ["blocksmithio","cypherglasss","dposclubprod","eosantpoolbp","eosbeijingbp","eoscafeblock","eoscandyone1","eoscannonchn","eoscocoshost","eoscube11111","eoscybexiobp","eosecoeoseco","eosgamesboot","eosgenblockp","eosiomeetone","eosisgravity","eoslaomaocom","eosliquideos","eosnationftw","eospaceioeos","eosstorebest","eosyskoreabp","ha4daobxg4ge","helloeoscnbp","jedaaaaaaaaa","libertyblock","oraclegogogo","sheleaders21","top111111111","unlimitedeos"]
geydonbsgene, 0, 3221242219, 1194203397173701.00000000000000000, 0.00000000000000000, 0, 1518032232616672.75000000000000000, 23.879107839019152%, ["argentinaeos","cypherglasss","eosauthority","eoscanadacom","eosnewyorkio","eosyskoreabp","sheos21sheos"]
gq4dsnzzgqge, 0, 3219734912, 0.00000000000000000, 0.00000000000000000, 0, 0, 0%, []
zhuchzhwjsz2, 0, 3200302000, 1468488320548626.00000000000000000, 0.00000000000000000, 0, 1508164012458450.75000000000000000, 2.665792808241294%, ["acroeos12345","aus1genereos","blocksmithio","eosbeijingbp","eosbixinboot","eoscanadacom","eoscandyone1","eoscannonchn","eosdublinwow","eosecoeoseco","eosholdings1","eosiomeetone","eosiosg11111","eosisgravity","eosmedinodes","eosnewyorkio","eosnodeonebp","eosriobrazil","eosstorebest","eosunion1111","jedaaaaaaaaa"]
g44tinbxhege, 0, 3150079999, 1484496554030511.00000000000000000, 0.00000000000000000, 0, 1484496554030511.00000000000000000, 0%, ["argentinaeos","aus1genereos","cochainworld","cypherglasss","eosasia11111","eosauthority","eosbixinboot","eoscanadacom","eoscleanerbp","eosfishrocks","eosflytomars","eoshuobipool","eosiomeetone","eosiosg11111","eoslaomaocom","eosliquideos","eosmedinodes","eosmesodotio","eosnodeonebp","eospaceioeos","eospacificbp","eostribeprod","eosvolgabpru","jedaaaaaaaaa","libertyblock","starteosiobp","teamgreymass","zbeosbp11111"]
21zephyrfund, zenbpdesk313, 2900700000, 1348874011136917.50000000000000000, 0.00000000000000000, 0, 0, 0%, []
g43dknztgene, 0, 3054850844, 1439619169175010.50000000000000000, 0.00000000000000000, 0, 1439619169175010.50000000000000000, 0%, ["alohaeosprod","argentinaeos","aus1genereos","bitspacenode","blocksmithio","cypherglasss","eos42freedom","eosafricaone","eosauthority","eoscafeblock","eoscanadacom","eoscannonchn","eoscybexiobp","eosdacserver","eosdublinwow","eosfishrocks","eosisgravity","eosnairobike","eosnationftw","eosnewyorkio","eosnodeonebp","eosonoeosono","eosrealbpcsg","eosriobrazil","eosswedenorg","eosvenezuela","eosyskoreabp","helloeoscnbp","keoskorea111","teamgreymass"]
bitguildeos1, 0, 3070000000, 0.00000000000000000, 0.00000000000000000, 0, 0, 0%, []
chainceout11, 0, 60000000, 0.00000000000000000, 0.00000000000000000, 0, 0, 0%, []
ha2tcojygene, 0, 3039403905, 1126790915419208.50000000000000000, 0.00000000000000000, 0, 1432339694455924.25000000000000000, 23.879107839019156%, ["eosswedenorg"]
ycheosforzb1, 0, 20000, 0.00000000000000000, 0.00000000000000000, 0, 0, 0%, []
geydcmrqhege, 0, 3015070243, 1383493007059711.25000000000000000, 0.00000000000000000, 0, 1420872291279684.25000000000000000, 2.6657928082412896%, ["acroeos12345","alohaeosprod","argentinaeos","aus1genereos","costaricaeos","cryptolions1","cypherglasss","eos42freedom","eosafricaone","eosamsterdam","eosauthority","eoscanadacom","eosdacserver","eosdublinwow","eosflareiobp","eosiodetroit","eosiomeetone","eosiosg11111","eosisgravity","eosliquideos","eosnairobike","eosnationftw","eosnewyorkio","eosphereiobp","eosriobrazil","eosswedenorg","eosukblocpro","jedaaaaaaaaa","teamgreymass","tokenika4eos"]
gmzdkojrgene, 0, 2250005519, 1046290195295525.75000000000000000, 0.00000000000000000, 0, 1060330353694338.50000000000000000, 1.3329556104012268%, ["aus1genereos","blockmatrix1","bp2bp2bp2bp2","cryptolions1","eos42freedom","eosafricaone","eosamsterdam","eosauthority","eosbarcelona","eoscafeblock","eosfishrocks","eosmedinodes","eosnationftw","eosnewyorkio","eosriobrazil","eosrussiacom","eosswedenorg","eosvancouver","eosvietnambp","eoszonrussia","gy3dqnjtgyge","ha4daobxg4ge","hkeoshkeosbp","jedaaaaaaaaa","philippinebp","privexinceos","sheos21sheos"]
he2dkmrrgene, 0, 3000000000, 1413770337104233.25000000000000000, 0.00000000000000000, 0, 1413770337104233.25000000000000000, 0%, ["acroeos12345","alohaeosprod","blockmatrix1","eosasia11111","eoscandyone1","eoschaintech","eosdotwikibp","eosdublinwow","eosflareiobp","eoshenzhenio","eoslambdacom","eosmetaliobp","eosmotioneos","eosnairobike","eosnodeonebp","eosonoeosono","eosphereiobp","eosplayworld","eossv12eossv","eosuestciobp","eosunion1111","eosvenezuela","eosvolgabpru","eoswinwinwin","jrrcryptoeos","moreisfuture","qxeosqxeosbp","sheos21sheos","superoneiobp"]
viabtccoinex, 0, 2000, 0.00000000000000000, 0.00000000000000000, 0, 0, 0%, []
gy2daobqguge, 0, 2908466933, 0.00000000000000000, 0.00000000000000000, 0, 0, 0%, []
meiling12345, 0, 7956, 3650684553.60927486419677734, 0.00000000000000000, 0, 3749318934.00042676925659180, 2.6657928082412825%, ["eoshuobipool"]
giytamjygage, 0, 2872968394, 1200845440573672.00000000000000000, 0.00000000000000000, 0, 1353905831625062.50000000000000000, 11.982410398775126%, ["argentinaeos"]
giydknygenes, 0, 2805292299, 0.00000000000000000, 0.00000000000000000, 0, 0, 0%, []
ge2dinrsgege, 0, 2499900000, 0.00000000000000000, 0.00000000000000000, 0, 0, 0%, []
gu4dknbugige, 0, 19568399, 0.00000000000000000, 0.00000000000000000, 0, 0, 0%, []
geytsmjqgene, 0, 2785496663, 0.00000000000000000, 0.00000000000000000, 0, 0, 0%, []
ge2dimbugene, 0, 1799902079, 836984568191956.00000000000000000, 0.00000000000000000, 0, 848216056327480.12500000000000000, 1.3329556104012266%, ["cypherglasss"]
giztanbxgige, lukeeosproxy, 2657200000, 1219280919538784.00000000000000000, 0.00000000000000000, 0, 0, 0%, []
gmzdcobrg4ge, 0, 20000, 0.00000000000000000, 0.00000000000000000, 0, 0, 0%, []
zongzhongeos, 0, 2600090000, 1177277588177211.50000000000000000, 0.00000000000000000, 0, 1225310038600448.75000000000000000, 3.998393223031637%, ["123singapore","1eostheworld","blockmatrix1","buildteameos","eos42freedom","eosbarcelona","eosbixinboot","eoscanadacom","eoscannonchn","eosdublinwow","eosecoeoseco","eosiomeetone","eosisgravity","eosnewyorkio","eosriobrazil","eosstorebest","eosunion1111","eoswancloud1","eosyskoreabp","ha4daobxg4ge","jedaaaaaaaaa","saltblockeos","sheos21sheos"]
upupeosmacan, cannonproxy1, 2600000200, 1209043575251073.00000000000000000, 0.00000000000000000, 0, 0, 0%, []
gezdsnjtgige, 0, 2601819400, 0.00000000000000000, 0.00000000000000000, 0, 0, 0%, []
iftttttttttt, cannonproxy1, 2591021200, 1097529671166662.37500000000000000, 0.00000000000000000, 0, 0, 0%, []
geytgnrvgege, 0, 1562, 688641907.42596268653869629, 0.00000000000000000, 0, 736103088.85227084159851074, 6.662410684057539%, ["eosasia11111","eosbeijingbp","eosbixinboot","eoscannonchn","eosflytomars","eosisgravity","eosnodeonebp","eostark11111","geosoneforbp","helloeoscnbp","jrrcryptoeos","oraclegogogo","sheleaders21"]
guzdsnzqg4ge, 0, 2520276008, 1126028965370588.75000000000000000, 0.00000000000000000, 0, 1187697153808623.75000000000000000, 5.330638568398206%, ["argentinaeos","bitspacenode","blockchained","bpacbpacbpac","costaricaeos","cryptolions1","dutcheosxxxx","eos42freedom","eosamsterdam","eosauthority","eoscanadacom","eosdacserver","eosdublinwow","eosgermanybp","eosiomeetone","eosliquideos","eosmetaliobp","eosnairobike","eosnetworkio","eosnewyorkio","eosphereiobp","eosriobrazil","eosswedenorg","eostribeprod","eosvibesbloc","eosyskoreabp","hkeoshkeosbp","sheos21sheos","teamgreymass","tokenika4eos"]
eosloveyouu1, 0, 2000, 0.00000000000000000, 0.00000000000000000, 0, 0, 0%, []
eosloveyouu2, 0, 201000, 0.00000000000000000, 0.00000000000000000, 0, 0, 0%, []
gyzdsobzg4ge, 0, 2499900000, 0.00000000000000000, 0.00000000000000000, 0, 0, 0%, []
gi4tkmjwgige, 0, 100000, 0.00000000000000000, 0.00000000000000000, 0, 0, 0%, []
gmytkmrrgene, 0, 20000000, 0.00000000000000000, 0.00000000000000000, 0, 0, 0%, []
ge4tmmjsgqge, 0, 2464730000, 1161520720990305.50000000000000000, 0.00000000000000000, 0, 1161520720990305.50000000000000000, 0%, ["alohaeosprod","aus1genereos","blockgenicbp","blockmatrix1","blocksmithio","cryptolions1","cypherglasss","dutcheosxxxx","eos42freedom","eosasia11111","eosauthority","eoscafeblock","eoscanadacom","eosdacserver","eosflareiobp","eosmedinodes","eosnationftw","eosnewyorkio","eosnodeonebp","eosphereiobp","eosriobrazil","eosswedenorg","eostitanprod","eostribeprod","eosvibesbloc","eoswebnetbp1","franceosysbp","hkeoshkeosbp","sheos21sheos","teamgreymass"]
g44damjqgige, 0, 500000, 0.00000000000000000, 0.00000000000000000, 0, 0, 0%, []
ge3dsmjvgege, 0, 6007597, 2648580702385.71777343750000000, 0.00000000000000000, 0, 2831120811958.79345703125000000, 6.662410684057542%, ["eoscannonchn"]
ge4tinjzgyge, 0, 2392453486, 0.00000000000000000, 0.00000000000000000, 0, 0, 0%, []
gy2tknbxgege, 0, 2382938473, 0.00000000000000000, 0.00000000000000000, 0, 0, 0%, []
ge4tkmjvhege, 0, 2378954358, 0.00000000000000000, 0.00000000000000000, 0, 0, 0%, []
eosofdeposit, undefined, undefined, undefined, undefined, undefined, 0, 0%, undefined
gm2toojrguge, 0, 20000, 0.00000000000000000, 0.00000000000000000, 0, 0, 0%, []
gy4tkmjugige, 0, 2337165000, 0.00000000000000000, 0.00000000000000000, 0, 0, 0%, []
gy4tkmjzgige, 0, 2337052500, 0.00000000000000000, 0.00000000000000000, 0, 0, 0%, []
hoowalletpro, 0, 1435000, 0.00000000000000000, 0.00000000000000000, 0, 0, 0%, []
eoszxcvbnmaa, 0, 4839, 0.00000000000000000, 0.00000000000000000, 0, 0, 0%, []
bibraccount1, 0, 2020000, 0.00000000000000000, 0.00000000000000000, 0, 0, 0%, []
heydemjzgene, 0, 2295234371, 0.00000000000000000, 0.00000000000000000, 0, 0, 0%, []
gi2demjwgmge, cannonproxy1, 2001165288, 943062707939016.75000000000000000, 0.00000000000000000, 0, 0, 0%, []
gizdcmjrgage, 0, 2277886878, 0.00000000000000000, 0.00000000000000000, 0, 0, 0%, []
guytenjrgage, 0, 2249938588, 0.00000000000000000, 0.00000000000000000, 0, 0, 0%, []
gi3dcnqgenes, 0, 2230961219, 1051355598217367.12500000000000000, 0.00000000000000000, 0, 1051355598217367.12500000000000000, 0%, ["argentinaeos","cryptolions1","eos42freedom","eosasia11111","eosauthority","eosbixinboot","eoscafeblock","eoscanadacom","eoscannonchn","eosdacserver","eoseouldotio","eosgenblockp","eosiomeetone","eosiosg11111","eosisgravity","eoslaomaocom","eosliquideos","eosnationftw","eosnewyorkio","eospacificbp","eosriobrazil","eosstorebest","eossv12eossv","eosswedenorg","eostitanprod","eosyskoreabp","helloeoscnbp","jedaaaaaaaaa","oraclegogogo","sheos21sheos"]
coinonekorea, 0, 2000, 0.00000000000000000, 0.00000000000000000, 0, 0, 0%, []
gm2danrzgmge, 0, 2223111093, 0.00000000000000000, 0.00000000000000000, 0, 0, 0%, []
vqgwndvowlxq, 0, 2211791000, 1042321502558036.37500000000000000, 0.00000000000000000, 0, 1042321502558036.37500000000000000, 0%, ["atticlabeosb","eosbixinboot","eoscannonchn","eosfishrocks","eoshuobipool","eosisgravity","eoslaomaocom","starteosiobp"]
ha4dqmigenes, 0, 794820000, 369604592523130.50000000000000000, 0.00000000000000000, 0, 374564313112395.56250000000000000, 1.3329556104012297%, ["eoscanadacom","eoscannonchn","eosisgravity","eosnewyorkio","eosphereiobp","eosyskoreabp"]
gu3dsnbwgige, 0, 2196862440, 1035286317456809.50000000000000000, 0.00000000000000000, 0, 1035286317456809.50000000000000000, 0%, ["acroeos12345","argentinaeos","aus1genereos","blocksmithio","cypherglasss","eos42freedom","eosamsterdam","eosauthority","eoscafeblock","eoscanadacom","eosdacserver","eoseouldotio","eosfishrocks","eosflareiobp","eosiomeetone","eosliquideos","eosnewyorkio","eosnodeonebp","eospaceioeos","eosphereiobp","eosriobrazil","eosswedenorg","eostribeprod","eosyskoreabp","hkeoshkeosbp","keoskorea111","libertyblock","oraclegogogo","teamgreymass","tokenika4eos"]
guyteojugage, 0, 2193631095, 0.00000000000000000, 0.00000000000000000, 0, 0, 0%, []
gy4dinztgige, 0, 2181784013, 0.00000000000000000, 0.00000000000000000, 0, 0, 0%, []
g42dcmygenes, 0, 2167233230, 0.00000000000000000, 0.00000000000000000, 0, 0, 0%, []
giydgnjrg4ge, 0, 2162818665, 0.00000000000000000, 0.00000000000000000, 0, 0, 0%, []
ep3fot1dzims, 0, 2161500000, 0.00000000000000000, 0.00000000000000000, 0, 0, 0%, []
g4ydkmjvgene, 0, 2160528556, 939903769036243.87500000000000000, 0.00000000000000000, 0, 1018163728313147.50000000000000000, 7.993591577700269%, ["alohaeosprod","argentinaeos","aus1genereos","blocksmithio","costaricaeos","cryptolions1","cypherglasss","eos42freedom","eosafricaone","eosauthority","eoscafeblock","eoscanadacom","eosdacserver","eosdublinwow","eosiomeetone","eosliquideos","eosnairobike","eosnewyorkio","eosnodeonebp","eosriobrazil","eostribeprod","eosvenezuela","eosvietnambp","eosyskoreabp","helloeoscnbp","hkeoshkeosbp","libertyblock","philippinebp","teamgreymass","tokenika4eos"]
gqztcnygenes, 0, 1159188735, 0.00000000000000000, 0.00000000000000000, 0, 0, 0%, []
gy2dmmbtgene, 0, 9999, 0.00000000000000000, 0.00000000000000000, 0, 0, 0%, []
gy2dmnzzgene, 0, 2134328600, 0.00000000000000000, 0.00000000000000000, 0, 0, 0%, []
eosbetdice11, 0, 400000000, 186006689576573.56250000000000000, 0.00000000000000000, 0, 188502711613897.78125000000000000, 1.3329556104012346%, ["alohaeosprod","auroraeoscom","aus1genereos","cryptolions1","eosasia11111","eosauthority","eoscafeblock","eosfishrocks","eosiodetroit","eosliquideos","eosnairobike","eosnationftw","eospaceioeos","eosriobrazil","eosswedenorg","eostitanprod","eosyskoreabp","sheos21sheos","teamgreymass","tokenika4eos"]
haydemigenes, 0, 2103816170, 779942719744592.00000000000000000, 0.00000000000000000, 0, 991437631955412.25000000000000000, 23.879107839019145%, ["blockeosioio","eosnationftw"]
bigdickrocks, 0, 47100, 0.00000000000000000, 0.00000000000000000, 0, 0, 0%, []
xjrnuy1cbmxn, ojirrdhy5bta, 2092020000, 959942823006746.50000000000000000, 0.00000000000000000, 0, 0, 0%, []
aexdepositbm, 0, 120000, 0.00000000000000000, 0.00000000000000000, 0, 0, 0%, []
red5stndngby, 0, 40000, 0.00000000000000000, 0.00000000000000000, 0, 0, 0%, []
gm2tqnjzgene, 0, 162291, 65175382156.48631286621093750, 0.00000000000000000, 0, 76480733926.32771301269531250, 15.961685358127625%, ["eoscybexiobp","eosisgravity","eoslaomaocom","geosoneforbp"]
w43lfmz2ozpf, 2idb3hot4rj1, 2035400000, 933962209705419.50000000000000000, 0.00000000000000000, 0, 0, 0%, []
gyztombvguge, 0, 20000, 0.00000000000000000, 0.00000000000000000, 0, 0, 0%, []
gm4toojqgige, cannonproxy1, 2032742661, 932742865004438.75000000000000000, 0.00000000000000000, 0, 0, 0%, []
gdexioforeos, undefined, undefined, undefined, undefined, undefined, 0, 0%, undefined
vczyeuludpja, 0, 2000041000, 942532879597429.25000000000000000, 0.00000000000000000, 0, 942532879597429.25000000000000000, 0%, ["eosstorebest"]
mv4xfzdutkys, 0, 2000000000, 792556272308657.00000000000000000, 0.00000000000000000, 0, 942513558069488.87500000000000000, 17.28544674517794%, ["acroeos12345","alohaeosprod","bitfinexeos1","bp2bp2bp2bp2","cochainworld","costaricaeos","eoscanadacom","eoschaintech","eoscybexiobp","eoshenzhenio","eosisgravity","eoslaomaocom","eosmedinodes","eosnewyorkio","eosninetiess","eossixparkbp","eosteaeostea","eostitanprod","eosukblocpro","eosunion1111","eosvibesbloc","eosvietnambp","eoswenzhoubp","geosoneforbp","greencapital","hkeoshkeosbp","philippinebp","sheleaders21","strongmonkey","unlimitedeos"]
craigspys211, 0, 20000, 0.00000000000000000, 0.00000000000000000, 0, 0, 0%, []
gq2tinjwgige, 0, 1500000000, 652551270215363.87500000000000000, 0.00000000000000000, 0, 706885168552116.62500000000000000, 7.993591577700247%, ["acroeos12345","blockgenicbp","blockmatrix1","bpkhmereoskh","eos42freedom","eoscannonchn","eosdacserver","eosriobrazil","eosswedenorg","eostribeprod","eosvietnambp","hkeoshkeosbp","libertyblock","philippinebp","saltblockeos","sheos21sheos"]
gyydanbwgage, 0, 1987215615, 0.00000000000000000, 0.00000000000000000, 0, 0, 0%, []
52w2dlhbto3t, xxedcu1evvkv, 1986510000, 911528578756958.37500000000000000, 0.00000000000000000, 0, 0, 0%, []
ha2dmmbygene, 0, 1978730000, 0.00000000000000000, 0.00000000000000000, 0, 0, 0%, []
gu3tkmbwgmge, 0, 1340620189, 607010566083326.87500000000000000, 0.00000000000000000, 0, 631776352177090.25000000000000000, 3.9983932230316164%, ["atticlabeosb","eosbeijingbp","eoscannonchn","eoscube11111","eosecoeoseco","eosflytomars","eosholdings1","eosiomeetone","eosisgravity","eosmedinodes","eospacificbp","eosromania22","eosthushuimu","eosyskoreabp","geosoneforbp","helloeoscnbp","onechaindapp","oraclegogogo","sheleaders21","superoneiobp"]
gi3demjygage, 0, 1954034457, 0.00000000000000000, 0.00000000000000000, 0, 0, 0%, []
jlujyuw5gnpz, qilpomyx3hyw, 1944810000, 892394146141887.12500000000000000, 0.00000000000000000, 0, 0, 0%, []
gy3domrwg4ge, 0, 52000, 347520046317865.75000000000000000, 0.00000000000000000, 0, 0, 0%, []
gu2tsnjugmge, 0, 9771, 0.00000000000000000, 0.00000000000000000, 0, 0, 0%, []
gq2dmmzsgege, 0, 20000, 9300334478.82867813110351562, 0.00000000000000000, 0, 9425135580.69488906860351563, 1.3329556104012314%, ["blockgenicbp","blockmatrix1","eosnewyorkio","stakedstaked","tokenika4eos"]
eoshoowallet, undefined, undefined, undefined, undefined, undefined, 0, 0%, undefined
pxnramtrader, undefined, undefined, undefined, undefined, undefined, 0, 0%, undefined
vbwktqgx5bf5, sl1vamgr3fzs, 1875600000, 860636494312412.75000000000000000, 0.00000000000000000, 0, 0, 0%, []
giyteojrgyge, 0, 1873662238, 0.00000000000000000, 0.00000000000000000, 0, 0, 0%, []
gyydimrxgene, freedomproxy, 1865672000, 879210577455309.75000000000000000, 0.00000000000000000, 0, 0, 0%, []
gq3tomrzgige, 0, 1858619395, 0.00000000000000000, 0.00000000000000000, 0, 0, 0%, []
heztoobygene, votetochange, 1850194464, 763105535624825.87500000000000000, 0.00000000000000000, 0, 0, 0%, []
gezdeojxgqge, 0, 1771196351, 791349196776027.25000000000000000, 0.00000000000000000, 0, 834688287410352.62500000000000000, 5.330638568398176%, ["argentinaeos","eosantpoolbp","eosbeijingbp","eosbixinboot","eoscannonchn","eosecoeoseco","eosflytomars","eosgalaxybp1","eoshenzhenio","eoshuobipool","eosiomeetone","eosisgravity","eoslaomaocom","eosninetiess","eospacificbp","eosstorebest","eosswedenorg","eosunion1111","eoswenzhoubp","eoswingdotio","geosoneforbp","jrrcryptoeos","oraclegogogo","philippinebp","qxeosqxeosbp","starteosiobp","unlimitedeos","zbeosbp11111"]
geydkmjxgene, 0, 1845143124, 0.00000000000000000, 0.00000000000000000, 0, 0, 0%, []
hezdkmztguge, lukeeosproxy, 1839900000, 800419388046165.25000000000000000, 0.00000000000000000, 0, 0, 0%, []
guzdknbsgege, auroraeosprx, 1204026809, 567405795880821.37500000000000000, 0.00000000000000000, 0, 0, 0%, []
ge3dimzrgige, 0, 1275000, 0.00000000000000000, 0.00000000000000000, 0, 0, 0%, []
g44daobxgene, 0, 1802010000, 805116364019862.87500000000000000, 0.00000000000000000, 0, 849209428388399.75000000000000000, 5.330638568398182%, ["alohaeosprod","aus1genereos","bitfinexeos1","bitspacenode","blocksmithio","costaricaeos","cryptolions1","cypherglasss","eosamsterdam","eosauthority","eoscafeblock","eoscanadacom","eosdacserver","eosdublinwow","eosliquideos","eosmesodotio","eosmetaliobp","eosnairobike","eosnewyorkio","eosriobrazil","eosswedenorg","eostitanprod","eostribeprod","eosvenezuela","eosvibesbloc","eosyskoreabp","oraclegogogo","sheos21sheos","teamgreymass","tokenika4eos"]
iloveeos1314, cannonproxy1, 1778332000, 816004168374697.00000000000000000, 0.00000000000000000, 0, 0, 0%, []
kj1ffmdwgdyy, 0, 420000, 0.00000000000000000, 0.00000000000000000, 0, 0, 0%, []
puravida1111, 0, 2000, 0.00000000000000000, 0.00000000000000000, 0, 0, 0%, []
haztgnztgene, eostitanvote, 1739145899, 698433669108027.87500000000000000, 0.00000000000000000, 0, 0, 0%, []
gu3dsnjthage, 0, 1613818298, 0.00000000000000000, 0.00000000000000000, 0, 0, 0%, []
gezdgnrugage, 0, 1725663226, 639750986346714.12500000000000000, 0.00000000000000000, 0, 813230493583466.25000000000000000, 23.87910783901915%, ["argentinaeos","costaricaeos","cypherglasss","eosauthority","eoslaomaocom","eosmesodotio","eosvenezuela","sheos21sheos"]
ge3tgmzxhege, 0, 1721400000, 0.00000000000000000, 0.00000000000000000, 0, 0, 0%, []
guytanrxguge, 0, 1721010000, 0.00000000000000000, 0.00000000000000000, 0, 0, 0%, []
14r31c5eosda, undefined, undefined, undefined, undefined, undefined, 0, 0%, undefined
gq2dembvhege, 0, 5763, 0.00000000000000000, 0.00000000000000000, 0, 0, 0%, []
g44dqnygenes, eosvoteproxy, 111101000, 50979726569952.74218750000000000, 0.00000000000000000, 0, 0, 0%, []
ha3dgobugage, 0, 1677058695, 0.00000000000000000, 0.00000000000000000, 0, 0, 0%, []
gu2dsnjygege, 0, 1676336381, 0.00000000000000000, 0.00000000000000000, 0, 0, 0%, []
ge3tanbzhege, 0, 1675289030, 0.00000000000000000, 0.00000000000000000, 0, 0, 0%, []
gm3dsnjzguge, eoshenzhenvp, 1630099750, 747986422595191.12500000000000000, 0.00000000000000000, 0, 0, 0%, []
4everxiaonan, iamnotawhale, 1500015488, 679182111365800.00000000000000000, 0.00000000000000000, 0, 0, 0%, []
guytcmbqgege, 0, 200000, 0.00000000000000000, 0.00000000000000000, 0, 0, 0%, []
he4dmnrtgene, 0, 1653885450, 682138643662245.87500000000000000, 0.00000000000000000, 0, 779404730059428.87500000000000000, 13.310051298649398%, ["alohaeosprod","argentinaeos","aus1genereos","bitspacenode","costaricaeos","cryptolions1","eos42freedom","eosauthority","eoscafeblock","eoscanadacom","eosdublinwow","eosisgravity","eosliquideos","eosnairobike","eosnationftw","eosnewyorkio","eosriobrazil","eosswedenorg","eosyskoreabp","libertyblock","sheos21sheos","teamgreymass"]
g4ztomzwgyge, 0, 1646781300, 0.00000000000000000, 0.00000000000000000, 0, 0, 0%, []
ge2tiobzhage, eosonebetter, 1640673799, 713749181031011.00000000000000000, 0.00000000000000000, 0, 0, 0%, []
bbbbbbb11111, 0, 12000, 0.00000000000000000, 0.00000000000000000, 0, 0, 0%, []
seniorholder, investingwad, 1624000000, 755187159680888.75000000000000000, 0.00000000000000000, 0, 0, 0%, []
ge3deobtgege, 0, 117016750, 0.00000000000000000, 0.00000000000000000, 0, 0, 0%, []
geytmmbwgene, 0, 1616714767, 0.00000000000000000, 0.00000000000000000, 0, 0, 0%, []
heydinryg4ge, 0, 1406171008, 662667620002119.87500000000000000, 0.00000000000000000, 0, 662667620002119.87500000000000000, 0%, ["cypherglasss"]
ge3dmojrgage, 0, 1611115152, 629995801760512.75000000000000000, 0.00000000000000000, 0, 759248937185592.62500000000000000, 18.60768398851487%, ["argentinaeos","blocksmithio","cryptolions1","dutcheosxxxx","eos42freedom","eosafricaone","eosamsterdam","eosasia11111","eosauthority","eoscafeblock","eoscanadacom","eosdacserver","eoseouldotio","eosgermanybp","eosiomeetone","eosmesodotio","eosnairobike","eosnewyorkio","eosonoeosono","eosphereiobp","eosriobrazil","eosswedenorg","eostribeprod","eosyskoreabp","hkeoshkeosbp","jedaaaaaaaaa","libertyblock","sheos21sheos","teamgreymass","tokenika4eos"]
ge3dgnzwgige, 0, 1610257658, 0.00000000000000000, 0.00000000000000000, 0, 0, 0%, []
ha4dsnqgenes, 0, 958114129, 364796145755926.12500000000000000, 0.00000000000000000, 0, 451517778380219.62500000000000000, 21.24712811093247%, ["prospectors1"]
undefined, undefined, undefined, undefined, undefined, undefined, 0, 0%, undefined
thankyou1314, 0, 1580201000, 651747777848656.12500000000000000, 0.00000000000000000, 0, 744680433487482.12500000000000000, 13.31005129864938%, ["blocksmithio","eosadddddddd","eoscandyone1","eosdacserver","eoslaomaocom","eosphereiobp","geosoneforbp","keoskorea111","oraclegogogo","unlimitedeos"]
giztsobqgige, 0, 1529577600, 701860899681592.00000000000000000, 0.00000000000000000, 0, 720823813059694.75000000000000000, 2.6657928082412945%, ["acroeos12345","alohaeosprod","argentinaeos","aus1genereos","costaricaeos","cryptolions1","cypherglasss","eos42freedom","eosafricaone","eosamsterdam","eosauthority","eoscanadacom","eosdacserver","eosdublinwow","eosflareiobp","eosiodetroit","eosiomeetone","eosiosg11111","eosisgravity","eosliquideos","eosnairobike","eosnationftw","eosnewyorkio","eosphereiobp","eosriobrazil","eosswedenorg","eosukblocpro","jedaaaaaaaaa","teamgreymass","tokenika4eos"]
ha2tomrqgmge, 0, 1564682700, 717969201129921.37500000000000000, 0.00000000000000000, 0, 737367329413387.25000000000000000, 2.665792808241275%, ["alohaeosprod","atticlabeosb","blockgenicbp","blockmatrix1","btccpooleos1","cochainworld","eosbixinboot","eoscannonchn","eosflytomars","eosgenblockp","eoshuobipool","eosiomeetone","eosiosg11111","eoslambdacom","eospaceioeos","eosphereiobp","eosplayworld","eostitanprod","eosuestciobp","eosvolgabpru","geosoneforbp","jrrcryptoeos","libertyblock","okcapitalbp1","onechaindapp","qxeosqxeosbp","sheleaders21","starteosiobp","tokenika4eos","unlimitedeos"]
geytqmjugqge, 0, 1564237679, 737157610250324.50000000000000000, 0.00000000000000000, 0, 737157610250324.50000000000000000, 0%, ["argentinaeos","auroraeoscom","aus1genereos","costaricaeos","cryptolions1","eos42freedom","eosafricaone","eosamsterdam","eosasia11111","eosauthority","eoscafeblock","eoscanadacom","eosdacserver","eosdublinwow","eosisgravity","eosliquideos","eosnationftw","eosnewyorkio","eosriobrazil","eossv12eossv","eosswedenorg","eostribeprod","eosvenezuela","hkeoshkeosbp","libertyblock","sheos21sheos","teamgreymass"]
gyytsmzygyge, 0, 10000000, 0.00000000000000000, 0.00000000000000000, 0, 0, 0%, []
gy3dkobsgige, 0, 260040000, 122545612820194.93750000000000000, 0.00000000000000000, 0, 122545612820194.93750000000000000, 0%, ["argentinaeos","eos42freedom","eosauthority","eoscanadacom","eosnewyorkio","eosriobrazil","eosswedenorg","teamgreymass"]
hoowallet111, 0, 20000, 0.00000000000000000, 0.00000000000000000, 0, 0, 0%, []
gyztqnzrgmge, 0, 1542995711, 0.00000000000000000, 0.00000000000000000, 0, 0, 0%, []
yiyuncai1314, 0, 20200, 0.00000000000000000, 0.00000000000000000, 0, 0, 0%, []
g44donagenes, 0, 1533872485, 0.00000000000000000, 0.00000000000000000, 0, 0, 0%, []
wanglei11111, iamnotawhale, 1513680468, 685369387458892.87500000000000000, 0.00000000000000000, 0, 0, 0%, []
geytinrxgene, 0, 2000, 0.00000000000000000, 0.00000000000000000, 0, 0, 0%, []
g43tmojzhage, 0, 204000, 93607296246.39166259765625000, 0.00000000000000000, 0, 96136382923.08786010742187500, 2.6657928082412763%, ["acroeos12345","atticlabeosb","bchainlabeos","bpacbpacbpac","costaricaeos","eosafricaone","eosbarcelona","eoseouldotio","eosfutureldn","eosgermanybp","eosimperabpi","eosliquideos","eosmedinodes","eosmesodotio","eosnairobike","eosnewyorkio","eosnigeriago","eosnodeonebp","eosriobrazil","eosteaeostea","eostitanprod","eosvenezuela","eosvietnambp","eosyskoreabp","geosoneforbp","germaneostop","hexlantttttt","philippinebp","privexinceos","sheos21sheos"]
geytmmbzg4ge, 0, 1509262580, 574642576967618.37500000000000000, 0.00000000000000000, 0, 711250222168468.25000000000000000, 21.24712811093246%, ["eosvibesbloc"]
gmytomjvhage, 0, 1500934872, 556437982995054.68750000000000000, 0.00000000000000000, 0, 707325733319646.37500000000000000, 23.879107839019152%, ["bitfinexeos1","cypherglasss","eos42freedom","eosauthority","eoscanadacom","eosliquideos","eosnairobike","eosnationftw","eosnewyorkio","eosswedenorg","eosvibesbloc","tokenika4eos"]
xiaonanzhang, iamnotawhale, 1500000200, 679175189213194.50000000000000000, 0.00000000000000000, 0, 0, 0%, []
wanglei44444, iamnotawhale, 1500000200, 679175189213194.50000000000000000, 0.00000000000000000, 0, 0, 0%, []
gu3tenzwhege, 0, 1499944862, 0.00000000000000000, 0.00000000000000000, 0, 0, 0%, []
gi2donjugqge, 0, 1499900000, 688243057058641.37500000000000000, 0.00000000000000000, 0, 706838042874213.12500000000000000, 2.665792808241295%, ["acroeos12345","argentinaeos","auroraeoscom","cryptolions1","eoseouldotio","eosiosg11111","eosnodeonebp","eosvenezuela","eosyskoreabp","hexlantttttt","oraclegogogo"]
ksmf4uoviepr, 0, 1500000000, 670181933524117.12500000000000000, 0.00000000000000000, 0, 706885168552116.62500000000000000, 5.330638568398191%, ["eosasia11111","eoscandyone1","eoscannonchn","eosiomeetone","eosisgravity","eoslaomaocom","eosonoeosono","helloeoscnbp","oraclegogogo"]
eosfilevault, 0, 200000, 0.00000000000000000, 0.00000000000000000, 0, 0, 0%, []
gu2domryg4ge, 0, 1498015310, 0.00000000000000000, 0.00000000000000000, 0, 0, 0%, []
heztamjugmge, 0, 1472416267, 545865349005355.00000000000000000, 0.00000000000000000, 0, 693886147384782.25000000000000000, 23.879107839019152%, ["bitfinexeos1","eosauthority","eosswedenorg","teamgreymass"]
ge2tkmjvgige, lukeeosproxy, 1044258861, 454288297452799.37500000000000000, 0.00000000000000000, 0, 0, 0%, []
eeeeyyyyeeee, 0, 2000, 0.00000000000000000, 0.00000000000000000, 0, 0, 0%, []
ge3tiobvgqge, 0, 1483000579, 0.00000000000000000, 0.00000000000000000, 0, 0, 0%, []
imatchapower, eoshenzhenvp, 2242, 1001698596.64071369171142578, 0.00000000000000000, 0, 0, 0%, []
heydenjrg4ge, 0, 1461480849, 0.00000000000000000, 0.00000000000000000, 0, 0, 0%, []
geztoojrgage, 0, 1400021900, 659769811172103.00000000000000000, 0.00000000000000000, 0, 659769811172103.00000000000000000, 0%, ["eosbeijingbp","eoscanadacom","eoscannonchn","eoseouldotio","eosiomeetone","eosisgravity","eosnewyorkio","eossv12eossv","eosunion1111","oraclegogogo"]
gq4tmobxgmge, 0, 1453482078, 538845922557644.93750000000000000, 0.00000000000000000, 0, 684963282463007.12500000000000000, 23.879107839019145%, ["bp2bp2bp2bp2","cypherglasss","eosauthority","eoscafeblock","eoscanadacom","eoscannonchn","eosdacserver","eosisgravity","eosliquideos","eosnewyorkio","eosyskoreabp"]
geydonjxhage, 0, 1430515946, 530331743557826.06250000000000000, 0.00000000000000000, 0, 674140337069800.37500000000000000, 23.879107839019156%, ["acroeos12345","blockmatrix1","bp2bp2bp2bp2","bpacbpacbpac","bpkhmereoskh","cryptolions1","eosdublinwow","eosfishrocks","eosmetaliobp","eosnairobike","eosonoeosono","eosriobrazil","eossocalprod","eostribeprod","hkeoshkeosbp","libertyblock","philippinebp","saltblockeos","sheos21sheos"]
geztaobygene, 0, 4549491, 1952977105640.21533203125000000, 0.00000000000000000, 0, 2143978474907.55834960937500000, 9.324063466746477%, ["eosasia11111","eoslaomaocom"]
worblieosbp1, 0, 1100000, 0.00000000000000000, 0.00000000000000000, 0, 0, 0%, []
gyztmnbugyge, 0, 1409334959, 646686446164261.00000000000000000, 0.00000000000000000, 0, 664158653359403.62500000000000000, 2.665792808241296%, ["alohaeosprod","aus1genereos","costaricaeos","cryptolions1","cypherglasss","eos42freedom","eosafricaone","eosasia11111","eosauthority","eoscafeblock","eoscanadacom","eosdacserver","eosdublinwow","eoseouldotio","eosiodetroit","eosmedinodes","eosmetaliobp","eosnairobike","eosnationftw","eosnewyorkio","eosnodeonebp","eosphereiobp","eosriobrazil","eosswedenorg","eostitanprod","eostribeprod","eosvibesbloc","eosyskoreabp","teamgreymass","tokenika4eos"]
ge2tknjugqge, 0, 1406722585, 521510887936108.50000000000000000, 0.00000000000000000, 0, 662927554402529.50000000000000000, 23.879107839019156%, ["blockchained","eosauthority","eoscafeblock","eosswedenorg","tokenika4eos"]
gu4tqojxgege, 0, 1200572564, 550893880704107.87500000000000000, 0.00000000000000000, 0, 565777959508124.50000000000000000, 2.665792808241277%, ["bitfinexeos1","eos42freedom","eosasia11111","eosbeijingbp","eoscanadacom","eoscannonchn","eosdacserver","eoseouldotio","eoshuobipool","eosiomeetone","eosiosg11111","eosisgravity","eoslaomaocom","eosliquideos","eosnationftw","eosnewyorkio","eosstorebest","eossv12eossv","eosunion1111","eoswenzhoubp","eosyskoreabp","helloeoscnbp","libertyblock","oraclegogogo","sheos21sheos"]
ge4dombsguge, 0, 1399900000, 0.00000000000000000, 0.00000000000000000, 0, 0, 0%, []
ha3danzxhege, 0, 1392577327, 0.00000000000000000, 0.00000000000000000, 0, 0, 0%, []
ha2tomrqgqge, 0, 1380275900, 633352426828700.37500000000000000, 0.00000000000000000, 0, 650464374813283.00000000000000000, 2.6657928082412727%, ["alohaeosprod","atticlabeosb","blockgenicbp","blockmatrix1","btccpooleos1","cochainworld","eosbixinboot","eoscannonchn","eoseouldotio","eosflytomars","eosgenblockp","eoshuobipool","eosiomeetone","eosiosg11111","eoslambdacom","eospaceioeos","eosplayworld","eosstorebest","eostitanprod","eosuestciobp","eosvolgabpru","geosoneforbp","jrrcryptoeos","libertyblock","okcapitalbp1","onechaindapp","qxeosqxeosbp","sheleaders21","starteosiobp","unlimitedeos"]
gu4tkmjsgige, 0, 1372941663, 638440834290964.25000000000000000, 0.00000000000000000, 0, 647008065907985.50000000000000000, 1.3329556104012055%, ["atticlabeosb","blocksmithio","cryptolions1","cypherglasss","eosamsterdam","eosauthority","eoscafeblock","eoscanadacom","eosdacserver","eosdublinwow","eoseouldotio","eosiomeetone","eosisgravity","eosliquideos","eosnationftw","eosnewyorkio","eospaceioeos","eosphereiobp","eostitanprod","eostribeprod","eosvenezuela","eosvibesbloc","libertyblock","sheos21sheos","teamgreymass","tokenika4eos"]
ge3dqmjzgege, 0, 1366731512, 0.00000000000000000, 0.00000000000000000, 0, 0, 0%, []
mylovemaggie, 0, 2000000, 0.00000000000000000, 0.00000000000000000, 0, 0, 0%, []
freewallet12, 0, 26772, 0.00000000000000000, 0.00000000000000000, 0, 0, 0%, []
geytcmjqgene, 0, 1339539575, 0.00000000000000000, 0.00000000000000000, 0, 0, 0%, []
gu3diojyhage, 0, 1337903168, 0.00000000000000000, 0.00000000000000000, 0, 0, 0%, []
eidnc131zcxz, undefined, undefined, undefined, undefined, undefined, 0, 0%, undefined
ge4tinjwgige, 0, 1332539430, 0.00000000000000000, 0.00000000000000000, 0, 0, 0%, []
gmytknjqgene, 0, 2000, 741455200.18946516513824463, 0.00000000000000000, 0, 942513558.06948888301849365, 23.879107839019152%, ["helloeoscnbp"]
gy2teobyhege, 0, 1329744059, 0.00000000000000000, 0.00000000000000000, 0, 0, 0%, []
gy4dcmbvhege, ferdousbhai1, 1313027205, 534382113018807.75000000000000000, 0.00000000000000000, 0, 0, 0%, []
gq4tonbrhege, 0, 11821205, 0.00000000000000000, 0.00000000000000000, 0, 0, 0%, []
gy3dgnbsgige, 0, 1305809345, 0.00000000000000000, 0.00000000000000000, 0, 0, 0%, []
ge2tonjtgige, cannonproxy1, 11122559, 5241581328963.90820312500000000, 0.00000000000000000, 0, 0, 0%, []
gq2tmmrugage, 0, 1299909215, 0.00000000000000000, 0.00000000000000000, 0, 0, 0%, []
gi3toojuhage, 0, 1285578444, 0.00000000000000000, 0.00000000000000000, 0, 0, 0%, []
g44tqojzgqge, investingwad, 1283160000, 596690859492690.37500000000000000, 0.00000000000000000, 0, 0, 0%, []
nannannan333, 0, 140200, 64332073204.62799072265625000, 0.00000000000000000, 0, 66070200420.67116546630859375, 2.665792808241292%, ["eoscannonchn","eosiomeetone","eosunion1111"]
gi4tcnjqhage, 0, 51047, 0.00000000000000000, 0.00000000000000000, 0, 0, 0%, []
gm2tsmztgene, 0, 1257409124, 0.00000000000000000, 0.00000000000000000, 0, 0, 0%, []
ha3tqmzwgene, 0, 1242876428, 0.00000000000000000, 0.00000000000000000, 0, 0, 0%, []
gizdonbzgqge, 0, 1234278712, 515904723072405.81250000000000000, 0.00000000000000000, 0, 581662210248273.00000000000000000, 11.982410398775132%, ["argentinaeos","bitspacenode","cryptolions1","cypherglasss","eosantpoolbp","eosasia11111","eosauthority","eoscafeblock","eoscannonchn","eosdacserver","eosdublinwow","eosfishrocks","eosgenblockp","eoshuobipool","eosisgravity","eosliquideos","eosmetaliobp","eosnairobike","eosnationftw","eosonoeosono","eosphereiobp","eosriobrazil","eostribeprod","eosvenezuela","eosvibesbloc","libertyblock","sheleaders21","sheos21sheos","teamgreymass","tokenika4eos"]
geztemzqgyge, 0, 5494, 2177152080.03188085556030273, 0.00000000000000000, 0, 2589084744.01688575744628906, 17.28544674517793%, ["eoswenzhoubp"]
t2jkavymxsoq, 0, 0, 0.00000000000000000, 0.00000000000000000, 0, 0, 0%, ["acroeos12345","eosasia11111","eoscandyone1","eoslaomaocom","eosonoeosono","eoswinwinwin","jedaaaaaaaaa"]
ge3tqoigenes, 0, 1222451500, 0.00000000000000000, 0.00000000000000000, 0, 0, 0%, []
g44tgnqgenes, 0, 1214165265, 0.00000000000000000, 0.00000000000000000, 0, 0, 0%, []
gi2tsnrrhege, votetochange, 1201600534, 544064774150113.75000000000000000, 0.00000000000000000, 0, 0, 0%, []
ge3deojyguge, 0, 1200602846, 543613037586228.18750000000000000, 0.00000000000000000, 0, 565792230105907.25000000000000000, 3.998393223031613%, ["aus1genereos","bitfinexeos1","eoscanadacom","eosdacserver","eoseouldotio","eosiomeetone","eosisgravity","eoslaomaocom","eosnewyorkio","eospaceioeos","eosukblocpro","helloeoscnbp","jrrcryptoeos"]
zhangmeng135, undefined, undefined, undefined, undefined, undefined, 0, 0%, undefined
vlxwpb2qiekh, 0, 1800000000, 848262202262540.00000000000000000, 0.00000000000000000, 0, 848262202262540.00000000000000000, 0%, ["argentinaeos","atticlabeosb","bitfinexeos1","cryptolions1","cypherglasss","eosantpoolbp","eosasia11111","eosbeijingbp","eoscafeblock","eoscanadacom","eosdacserver","eosgenblockp","eoshuobipool","eosiomeetone","eosisgravity","eoslaomaocom","eosliquideos","eosnationftw","eosnewyorkio","eosriobrazil","eosstorebest","eosswedenorg","eostitanprod","eostribeprod","eosyskoreabp","helloeoscnbp","oraclegogogo","teamgreymass"]
gezdkobygene, ferdousbhai1, 600020000, 279019334699339.18750000000000000, 0.00000000000000000, 0, 0, 0%, []
ge2dmnzwg4ge, 0, 6202000, 2361373898472.43750000000000000, 0.00000000000000000, 0, 2922734543573.48486328125000000, 21.247128110932472%, ["bpacbpacbpac"]
gezdinbwgene, 0, 1195976607, 563612083615722.37500000000000000, 0.00000000000000000, 0, 563612083615722.37500000000000000, 0%, ["alohaeosprod","argentinaeos","auroraeoscom","aus1genereos","bitspacenode","costaricaeos","cryptolions1","eosafricaone","eosamsterdam","eoscafeblock","eoscanadacom","eosdacserver","eosdublinwow","eoslaomaocom","eosliquideos","eosnationftw","eosnewyorkio","eosriobrazil","eosswedenorg","eosvenezuela","libertyblock","teamgreymass"]
hazdemztgyge, 0, 1194895456, 0.00000000000000000, 0.00000000000000000, 0, 0, 0%, []
ge4tmmbvgage, 0, 1186354715, 445716302183596.06250000000000000, 0.00000000000000000, 0, 559077701783582.18750000000000000, 22.564107499130557%, ["eosauthority","eoscanadacom","eosdacserver","eosriobrazil","eostribeprod","hkeoshkeosbp","libertyblock","sheos21sheos","teamgreymass","tokenika4eos"]
g44demzqgyge, 0, 1237059, 0.00000000000000000, 0.00000000000000000, 0, 0, 0%, []
ge2denzzgqge, 0, 20000, 8817437995.21079063415527344, 0.00000000000000000, 0, 9425135580.69488906860351563, 6.662410684057537%, ["eosnodeonebp","eosyskoreabp"]
guytsmjsgage, mentormarket, 1170936500, 544505055173448.87500000000000000, 0.00000000000000000, 0, 0, 0%, []
dddvvv112233, 0, 2000, 0.00000000000000000, 0.00000000000000000, 0, 0, 0%, []
geytsobrgene, 0, 1165166806, 0.00000000000000000, 0.00000000000000000, 0, 0, 0%, []
gm3denbwguge, eosvoteproxy, 277133320, 130600955746405.12500000000000000, 0.00000000000000000, 0, 0, 0%, []
gm3dcmzzgige, 0, 1154485787, 508980342161231.56250000000000000, 0.00000000000000000, 0, 544059253423012.00000000000000000, 6.662410684057525%, ["teamgreymass"]
gezdqmzqgege, 0, 2810, 1113541562.59366297721862793, 0.00000000000000000, 0, 1324231549.08763194084167480, 17.28544674517796%, ["acroeos12345","cryptolions1","eosasia11111","eosauthority","eosbixinboot","eoscanadacom","eoscannonchn","eosecoeoseco","eoseouldotio","eosflytomars","eoshenzhenio","eosiomeetone","eosisgravity","eoslaomaocom","eosnationftw","eosnewyorkio","eosninetiess","eosonoeosono","eosstorebest","eosukblocpro","eosunion1111","eosvillagebp","eosyskoreabp","helloeoscnbp","hkeoshkeosbp","jedaaaaaaaaa","jrrcryptoeos","keoskorea111","top111111111"]
ge4dmnrwgmge, 0, 1148705339, 0.00000000000000000, 0.00000000000000000, 0, 0, 0%, []
gqytsmzzgege, 0, 20000, 0.00000000000000000, 0.00000000000000000, 0, 0, 0%, []
gmztqmjqgmge, 0, 1132772877, 0.00000000000000000, 0.00000000000000000, 0, 0, 0%, []
gi3dembzhage, 0, 5573082, 2626352672616.51171875000000000, 0.00000000000000000, 0, 2626352672616.51171875000000000, 0%, ["eosbixinboot","eoscannonchn","eosdacserver","eosnewyorkio","eosstorebest"]
gm4tgmbwgyge, 0, 1125400000, 0.00000000000000000, 0.00000000000000000, 0, 0, 0%, []
g44tamqgenes, 0, 1116000000, 525922565402774.75000000000000000, 0.00000000000000000, 0, 525922565402774.75000000000000000, 0%, ["argentinaeos","atticlabeosb","cochainworld","cryptolions1","cypherglasss","eosamsterdam","eosantpoolbp","eosasia11111","eosauthority","eosbeijingbp","eosbixinboot","eoscafeblock","eoscanadacom","eosdacserver","eosgenblockp","eosiomeetone","eosisgravity","eosnationftw","eospaceioeos","eospacificbp","eosstorebest","eosswedenorg","eostitanprod","eostribeprod","eosyskoreabp","helloeoscnbp","libertyblock","oraclegogogo","teamgreymass","unlimitedeos"]
fengyunxiao3, 0, 1115150000, 504921407511208.18750000000000000, 0.00000000000000000, 0, 525521997140595.25000000000000000, 3.9983932230316257%, ["chainclubeos","eosadddddddd","eosasia11111","eosbeijingbp","eosbixinboot","eoscannonchn","eoscube11111","eosecoeoseco","eosgalaxybp1","eoshcchealth","eosholdings1","eosjapanclub","eoslaomaocom","eosmedinodes","eospaceioeos","eospacificbp","eospalliumss","eosphereiobp","eosstorebest","eossv12eossv","eostark11111","eosteaeostea","eosunion1111","eosvillagebp","jedaaaaaaaaa","jrrcryptoeos","qxeosqxeosbp","sheleaders21","superoneiobp","unlimitedeos"]
gu4tknjugqge, 0, 1111770177, 0.00000000000000000, 0.00000000000000000, 0, 0, 0%, []
ge3tkmztgyge, 0, 1105600450, 0.00000000000000000, 0.00000000000000000, 0, 0, 0%, []
guytsmzwguge, mentormarket, 1100000000, 511518396335577.31250000000000000, 0.00000000000000000, 0, 0, 0%, []
gq4toobzgage, 0, 1541, 0.00000000000000000, 0.00000000000000000, 0, 0, 0%, []
hzhbit3evyvs, ylwtjauhwreq, 1099210000, 447361760833739.68750000000000000, 0.00000000000000000, 0, 0, 0%, []
pinduoduoeos, 0, 10200, 0.00000000000000000, 0.00000000000000000, 0, 0, 0%, []
2qcckb2bkedw, 0, 2000, 0.00000000000000000, 0.00000000000000000, 0, 0, 0%, []
aaa12345aaas, 0, 2000, 0.00000000000000000, 0.00000000000000000, 0, 0, 0%, []
gu4timjsgqge, 0, 1088350000, 414382664044256.25000000000000000, 0.00000000000000000, 0, 512892315462464.12500000000000000, 21.24712811093248%, ["eosvibesbloc"]
gi2tsnbtguge, 0, 1082966900, 0.00000000000000000, 0.00000000000000000, 0, 0, 0%, []
gq2tkmbugqge, 0, 20727, 8435573927.45783138275146484, 0.00000000000000000, 0, 9767739259.05314826965332031, 14.636514989836893%, ["eosbixinboot","eoscannonchn","eosisgravity","helloeoscnbp"]
aldhp1333335, 0, 12000, 0.00000000000000000, 0.00000000000000000, 0, 0, 0%, []
ha2tsmbuhege, 0, 17383, 0.00000000000000000, 0.00000000000000000, 0, 0, 0%, []
ge2danrxhage, 0, 579870, 0.00000000000000000, 0.00000000000000000, 0, 0, 0%, []
daneosdaneos, 0, 1000000000, 446787955682744.75000000000000000, 0.00000000000000000, 0, 471256779034744.43750000000000000, 5.330638568398184%, ["argentinaeos","aus1genereos","costaricaeos","cryptolions1","cypherblocks","cypherglasss","eos42freedom","eosamsterdam","eosauthority","eosbarcelona","eosbeijingbp","eosbutterfly","eoscafeblock","eoscannonchn","eosdacserver","eosfishrocks","eosliquideos","eoslithuania","eoslovebirds","eosnewyorkio","eosriobrazil","eossafevault","eosvibesbloc","eoswondersbp","hkeoshkeosbp","libertyblock","starteosiobp","teamgreymass","unlimitedeos","zhaojingdong"]
gq3demrug4ge, 0, 1068748000, 0.00000000000000000, 0.00000000000000000, 0, 0, 0%, []
ge2tmmbtgqge, 0, 1066112068, 0.00000000000000000, 0.00000000000000000, 0, 0, 0%, []
gm4tinjvgene, 0, 1064999303, 394824635703752.93750000000000000, 0.00000000000000000, 0, 501888141206027.81250000000000000, 23.87910783901916%, ["eosecoeoseco","helloeoscnbp"]
guydcnzsgyge, 0, 1062704089, 0.00000000000000000, 0.00000000000000000, 0, 0, 0%, []
zmetafndsa31, zenbpdesk313, 950040000, 441784488413319.87500000000000000, 0.00000000000000000, 0, 0, 0%, []
eoswalletsyj, 0, 2000200, 847263946843.64526367187500000, 0.00000000000000000, 0, 942607809425.29577636718750000, 10.653708819943457%, ["eoscannonchn"]
gm2tqmzrhege, 0, 1056647509, 0.00000000000000000, 0.00000000000000000, 0, 0, 0%, []
eoszxywjh311, cannonproxy1, 1056031200, 465574481350402.25000000000000000, 0.00000000000000000, 0, 0, 0%, []
gyztqnjyhege, cannonproxy1, 1000021745, 440881486519999.81250000000000000, 0.00000000000000000, 0, 0, 0%, []
12e4zuynljmq, lfqyulcwmxup, 1053960000, 428945698682079.18750000000000000, 0.00000000000000000, 0, 0, 0%, []
np2zltjcvwis, 0, 1050000000, 416092042962044.87500000000000000, 0.00000000000000000, 0, 494819617986481.62500000000000000, 17.285446745177953%, ["bitfinexeos1","eos42freedom","eosamsterdam","eoscanadacom","eoshuobipool","eoslaomaocom","eosliquideos"]
ge2taojrgene, 0, 1040884922, 458896912994241.00000000000000000, 0.00000000000000000, 0, 490524075687551.18750000000000000, 6.662410684057542%, ["atticlabeosb","aus1genereos","blockchained","blocksmithio","cryptolions1","cypherglasss","eosafricaone","eosarabianet","eosdacserver","eosdublinwow","eoseouldotio","eosflareiobp","eosliquideos","eosnairobike","eosnodeonebp","eosphereiobp","eosriobrazil","eosrussiacom","eosvibesbloc","eosyskoreabp","keoskorea111","teamgreymass","tokenika4eos"]
gi3dimbxgage, 0, 1039031525, 0.00000000000000000, 0.00000000000000000, 0, 0, 0%, []
huahua112233, 0, 2000, 0.00000000000000000, 0.00000000000000000, 0, 0, 0%, []
oupan5tjrqhf, 0, 1029880000, 408118926862619.81250000000000000, 0.00000000000000000, 0, 485337931592302.56250000000000000, 17.285446745177953%, ["eoslaomaocom"]
itlwnmcj423x, 0, 1028700000, 447519661113696.50000000000000000, 0.00000000000000000, 0, 484781848593041.56250000000000000, 7.9935915777002515%, ["eoslaomaocom"]
devintherich, 0, 1025106000, 483088151729190.68750000000000000, 0.00000000000000000, 0, 483088151729190.68750000000000000, 0%, ["acroeos12345","alohaeosprod","auroraeoscom","aus1genereos","bitspacenode","blocksmithio","eos42freedom","eosamsterdam","eosasia11111","eosauthority","eoscafeblock","eoscanadacom","eoseouldotio","eosfishrocks","eosflareiobp","eosiodetroit","eosliquideos","eosnairobike","eosnewyorkio","eosnodeonebp","eosphereiobp","eosvenezuela","eosyskoreabp","hexlantttttt","hkeoshkeosbp","jrrcryptoeos","keoskorea111","libertyblock","sheos21sheos","tokenika4eos"]
ge3tsmjwhege, 0, 1000013094, 412451524732650.62500000000000000, 0.00000000000000000, 0, 471262949671009.12500000000000000, 13.310051298649409%, ["bitfinexeos1","cypherglasss","eos42freedom","eosasia11111","eosauthority","eosbeijingbp","eoscafeblock","eoscanadacom","eoscannonchn","eosdacserver","eoseouldotio","eosiomeetone","eosisgravity","eoslaomaocom","eosliquideos","eosnewyorkio","eosstorebest","eosswedenorg","eosyskoreabp","ha4daobxg4ge","helloeoscnbp","sheos21sheos"]
gy2tsmrxhage, 0, 1009221248, 0.00000000000000000, 0.00000000000000000, 0, 0, 0%, []
gezdsmjygige, 0, 1008825912, 0.00000000000000000, 0.00000000000000000, 0, 0, 0%, []
ha2tsnzthege, 0, 20000, 8700683602.87151718139648438, 0.00000000000000000, 0, 9425135580.69488906860351563, 7.993591577700261%, ["eosnodeonebp"]
