eoshuobifund, 0, 1200000, 23563423781400000.00000000000000000, 23562858273265160.00000000000000000, 1, 565508134841.69335937500000000, 199.99040046864914%, ["atticlabeosb","bitfinexeos1","blockgenicbp","btccpooleos1","cochainworld","eos42freedom","eosantpoolbp","eosauthority","eosbeijingbp","eosbixinboot","eoschaintech","eoscleanerbp","eoscybexiobp","eosflytomars","eosgenblockp","eoshuobipool","eosiosg11111","eosliquideos","eospaceioeos","eospacificbp","eosplayworld","eosstorebest","eossv12eossv","eosuestciobp","helloeoscnbp","starteosiobp","unlimitedeos","zbeosbp11111"]
madeofstarks, 0, 600, 39429243687685064.00000000000000000, 39429243404931000.00000000000000000, 1, 282754067.42084664106369019, 199.9999971315294%, ["alohaeosprod","atticlabeosb","cochainworld","cryptolions1","eosdacserver","eosfishrocks","eosflytomars","eoshenzhenio","eosliquideos","eosnewyorkio","eosriobrazil","eostribeprod","hkeoshkeosbp","sheos21sheos"]
bitfinexvp13, 0, 0, 15434251991532876.00000000000000000, 15434251991532876.00000000000000000, 1, 0, 0%, ["argentinaeos","bitfinexeos1","blocksmithio","cypherglasss","eos42freedom","eosamsterdam","eoscanadacom","eoscleanerbp","eosdacserver","eosdotwikibp","eosfishrocks","eosgenblockp","eoshuobipool","eosiosg11111","eosnewyorkio","eosriobrazil","eosswedenorg","eostribeprod","jedaaaaaaaaa","libertyblock","moreisfuture","superoneiobp","teamgreymass","tokenika4eos","zbeosbp11111"]
willshotmoon, 0, 14000, 14138650228171288.00000000000000000, 14138643630576382.00000000000000000, 1, 6597594906.48642158508300781, 199.99981334592138%, ["atticlabeosb","cochainworld","eos42freedom","eosbixinboot","eoseouldotio","eosflytomars","eoshenzhenio","eoshuobipool","eosiomeetone","eosisgravity","eoslaomaocom","eosliquideos","eosmotioneos","eosnationftw","eosnewyorkio","eospaceioeos","eospacificbp","eosstorebest","eossv12eossv","eosswedenorg","jrrcryptoeos","oraclegogogo","sheleaders21","zbeosbp11111"]
bitfinexvp11, 0, 0, 11575594096350476.00000000000000000, 11575594096350476.00000000000000000, 1, 0, 0%, ["bitfinexeos1","blocksmithio","cypherglasss","eos42freedom","eosauthority","eoscanadacom","eoscleanerbp","eosdacserver","eosdotwikibp","eosdublinwow","eosfishrocks","eosgenblockp","eoshuobipool","eosiosg11111","eosliquideos","eosmetaliobp","eosriobrazil","eosswedenorg","eostitanprod","eosyskoreabp","helloeoscnbp","jedaaaaaaaaa","libertyblock","starteosiobp","teamgreymass"]
hptproxy2222, 0, 0, 14137722692570274.00000000000000000, 14137722692570274.00000000000000000, 1, 0, 0%, ["cochainworld","eosbeijingbp","eosbixinboot","eoschaintech","eosflytomars","eosgenblockp","eosiosg11111","eospaceioeos","eosstorebest","fostopfostop","qxeosqxeosbp","unlimitedeos"]
divinerapier, 0, 110000, 14137774530815968.00000000000000000, 14137722692570274.00000000000000000, 1, 51838245693.82188415527343750, 199.99853334609318%, ["btccpooleos1","cochainworld","eosbeijingbp","eosbixinboot","eoscannonchn","eoschaintech","eosflytomars","eosgenblockp","eoshuobipool","eosiosg11111","eospaceioeos","eospacificbp","eosstorebest","eosvolgabpru","starteosiobp","unlimitedeos","zbeosbp11111"]
hptproxy1111, 0, 0, 14137722692570274.00000000000000000, 14137722692570274.00000000000000000, 1, 0, 0%, ["atticlabeosb","cochainworld","eosbeijingbp","eosbixinboot","eoschaintech","eosflytomars","eosgenblockp","eosiosg11111","eospaceioeos","eospacificbp","eosstorebest","eosvolgabpru","fostopfostop","jedaaaaaaaaa","qxeosqxeosbp","unlimitedeos"]
hptproxy3333, 0, 0, 14137722692570274.00000000000000000, 14137722692570274.00000000000000000, 1, 0, 0%, ["cochainworld","eosbeijingbp","eosbixinboot","eoschaintech","eosflytomars","eosgenblockp","eosiosg11111","eospaceioeos","eosstorebest","unlimitedeos"]
bitfinexvp24, 0, 6000, 11422323190360988.00000000000000000, 11422320400260644.00000000000000000, 1, 2827540674.20846652984619141, 199.99990098196568%, ["bitfinexeos1","cypherglasss","eos42freedom","eoscanadacom","eoscleanerbp","eosdotwikibp","eosfishrocks","eosgenblockp","eoshuobipool","eoslaomaocom","eosnewyorkio","eosswedenorg","eostitanprod","eosukblocpro","eosyskoreabp","helloeoscnbp","jedaaaaaaaaa","libertyblock","oraclegogogo","starteosiobp","zbeosbp11111"]
bitfinexvp15, 0, 6000, 11422323190360988.00000000000000000, 11422320400260644.00000000000000000, 1, 2827540674.20846652984619141, 199.99990098196568%, ["argentinaeos","bitfinexeos1","blocksmithio","cypherglasss","eos42freedom","eosauthority","eoscleanerbp","eoscybexiobp","eosdotwikibp","eosfishrocks","eosgenblockp","eoslaomaocom","eosliquideos","eosmetaliobp","eosnewyorkio","eosriobrazil","eostitanprod","eostribeprod","eosukblocpro","eosvenezuela","jedaaaaaaaaa","libertyblock","moreisfuture","oraclegogogo","starteosiobp","superoneiobp","zbeosbp11111"]
bitfinexvp32, 0, 6000, 11422323190360988.00000000000000000, 11422320400260644.00000000000000000, 1, 2827540674.20846652984619141, 199.99990098196568%, ["argentinaeos","bitfinexeos1","blocksmithio","cypherglasss","eos42freedom","eosantpoolbp","eosauthority","eoscanadacom","eoscleanerbp","eosdacserver","eosdotwikibp","eosfishrocks","eosgenblockp","eoshuobipool","eosiosg11111","eoslaomaocom","eosliquideos","eosmetaliobp","eosnationftw","eosnewyorkio","eosswedenorg","eostribeprod","helloeoscnbp","jedaaaaaaaaa","libertyblock","moreisfuture","starteosiobp","superoneiobp","teamgreymass","zbeosbp11111"]
bitfinexvp21, 0, 6000, 11422339469752946.00000000000000000, 11422336679652602.00000000000000000, 1, 2827540674.20846652984619141, 199.9999009821068%, ["argentinaeos","bitfinexeos1","eosamsterdam","eoscanadacom","eoscleanerbp","eoscybexiobp","eosdacserver","eosdotwikibp","eosgenblockp","eoshuobipool","eosiosg11111","eosmetaliobp","eosnationftw","eosnewyorkio","eosswedenorg","eostribeprod","jedaaaaaaaaa","libertyblock","starteosiobp","superoneiobp","tokenika4eos","zbeosbp11111"]
bitfinexvp25, 0, 6000, 11422323190360988.00000000000000000, 11422320400260644.00000000000000000, 1, 2827540674.20846652984619141, 199.99990098196568%, ["bitfinexeos1","cypherglasss","eos42freedom","eosauthority","eoscanadacom","eoscleanerbp","eosdacserver","eosdotwikibp","eosdublinwow","eosfishrocks","eosgenblockp","eoshuobipool","eoslaomaocom","eosliquideos","eosnairobike","eosriobrazil","eosswedenorg","eostribeprod","eosyskoreabp","jedaaaaaaaaa","libertyblock","starteosiobp","teamgreymass"]
bitfinexvp31, 0, 6000, 11422323190360988.00000000000000000, 11422320400260644.00000000000000000, 1, 2827540674.20846652984619141, 199.99990098196568%, ["argentinaeos","bitfinexeos1","blocksmithio","cypherglasss","eos42freedom","eosamsterdam","eoscafeblock","eoscanadacom","eoscleanerbp","eosdotwikibp","eosdublinwow","eosgenblockp","eoshuobipool","eosiosg11111","eosliquideos","eosnairobike","eosnationftw","eosnewyorkio","eosriobrazil","eostribeprod","eosukblocpro","jedaaaaaaaaa","libertyblock","starteosiobp","superoneiobp","teamgreymass","zbeosbp11111"]
bitfinexvp23, 0, 6000, 11422323190360988.00000000000000000, 11422320400260644.00000000000000000, 1, 2827540674.20846652984619141, 199.99990098196568%, ["bitfinexeos1","blocksmithio","cypherglasss","eos42freedom","eosamsterdam","eosauthority","eoscafeblock","eoscanadacom","eoscleanerbp","eosdacserver","eosdotwikibp","eosfishrocks","eosgenblockp","eoshuobipool","eosliquideos","eosnairobike","eosnewyorkio","eosriobrazil","eosswedenorg","eosvenezuela","jedaaaaaaaaa","libertyblock","moreisfuture","starteosiobp","superoneiobp","zbeosbp11111"]
bitfinexvp33, 0, 6000, 11422323190360988.00000000000000000, 11422320400260644.00000000000000000, 1, 2827540674.20846652984619141, 199.99990098196568%, ["argentinaeos","bitfinexeos1","blockmatrix1","blocksmithio","cypherglasss","eos42freedom","eosantpoolbp","eosauthority","eoscanadacom","eoscleanerbp","eosdacserver","eosdotwikibp","eosfishrocks","eosgenblockp","eoshuobipool","eosiosg11111","eoslaomaocom","eosliquideos","eosnationftw","eosnewyorkio","eosriobrazil","eostitanprod","eostribeprod","jedaaaaaaaaa","libertyblock","starteosiobp","superoneiobp","teamgreymass","zbeosbp11111"]
bitfinexvp22, 0, 6000, 11422323190360988.00000000000000000, 11422320400260644.00000000000000000, 1, 2827540674.20846652984619141, 199.99990098196568%, ["argentinaeos","bitfinexeos1","blocksmithio","eos42freedom","eosamsterdam","eosantpoolbp","eoscanadacom","eoscleanerbp","eosdotwikibp","eosdublinwow","eosfishrocks","eosgenblockp","eosnairobike","eosnationftw","eostitanprod","eostribeprod","jedaaaaaaaaa","libertyblock","starteosiobp","teamgreymass","zbeosbp11111"]
bitfinexvp12, 0, 0, 11575594096350476.00000000000000000, 11575594096350476.00000000000000000, 1, 0, 0%, ["bitfinexeos1","blockmatrix1","blocksmithio","cypherglasss","eosantpoolbp","eosauthority","eoscafeblock","eoscanadacom","eoscleanerbp","eoscybexiobp","eosdotwikibp","eosgenblockp","eoshuobipool","eosiosg11111","eostitanprod","eostribeprod","jedaaaaaaaaa","libertyblock","moreisfuture","oraclegogogo","starteosiobp","superoneiobp","zbeosbp11111"]
bitfinexvp14, 0, 6000, 11575596886450820.00000000000000000, 11575594096350476.00000000000000000, 1, 2827540674.20846652984619141, 199.99990229307357%, ["bitfinexeos1","blockmatrix1","cypherglasss","eos42freedom","eosauthority","eoscanadacom","eoscleanerbp","eosdacserver","eosdotwikibp","eosfishrocks","eosgenblockp","eoshuobipool","eosliquideos","eosmetaliobp","eosnationftw","eosnewyorkio","eosriobrazil","eosswedenorg","eostitanprod","eostribeprod","eosvenezuela","helloeoscnbp","jedaaaaaaaaa","libertyblock","starteosiobp","teamgreymass"]
haydinruhage, 0, 35000, 10616237253166326.00000000000000000, 10616220759179060.00000000000000000, 1, 16493987266.21605491638183594, 199.99937853831838%, ["acroeos12345","atticlabeosb","bitfinexeos1","cochainworld","eosantpoolbp","eosbeijingbp","eosbixinboot","eoscybexiobp","eoseouldotio","eosfishrocks","eosflytomars","eoshenzhenio","eoshuobipool","eoslambdacom","eoslaomaocom","eosmotioneos","eosnodeonebp","eospaceioeos","eosunion1111","eosyskoreabp","hexlantttttt","jedaaaaaaaaa","jrrcryptoeos","keoskorea111","moreisfuture","qxeosqxeosbp","starteosiobp","zbeosbp11111"]
huobiproxy33, 0, 0, 9425154902222828.00000000000000000, 9425154902222828.00000000000000000, 1, 0, 0%, ["atticlabeosb","bitfinexeos1","blockgenicbp","btccpooleos1","cochainworld","eos42freedom","eosbeijingbp","eoscannonchn","eoseouldotio","eosflytomars","eosgenblockp","eoshenzhenio","eoshuobipool","eosiomeetone","eosiosg11111","eoslambdacom","eospaceioeos","eospacificbp","eosstorebest","eosuestciobp","eosvolgabpru","helloeoscnbp","starteosiobp","zbeosbp11111"]
huobiproxy22, 0, 0, 14137742014098212.00000000000000000, 14137742014098212.00000000000000000, 1, 0, 0%, ["bitfinexeos1","blockgenicbp","btccpooleos1","cochainworld","eosbeijingbp","eoscannonchn","eoschaintech","eoscybexiobp","eosflytomars","eosgenblockp","eoshuobipool","eosiosg11111","eoslaomaocom","eospaceioeos","eospacificbp","eosstorebest","eostitanprod","eosuestciobp","eosvolgabpru","jedaaaaaaaaa","qxeosqxeosbp","starteosiobp","zbeosbp11111"]
huobiproxy11, 0, 0, 14137742014098212.00000000000000000, 14137742014098212.00000000000000000, 1, 0, 0%, ["atticlabeosb","bitfinexeos1","btccpooleos1","cochainworld","eosasia11111","eosauthority","eosbeijingbp","eoscanadacom","eoscannonchn","eosflytomars","eosgenblockp","eoshuobipool","eosiosg11111","eosisgravity","eosliquideos","eosnationftw","eosnewyorkio","eosnodeonebp","eospaceioeos","eospacificbp","eosstorebest","eosvolgabpru","helloeoscnbp","jedaaaaaaaaa","oraclegogogo","starteosiobp","zbeosbp11111"]
huobiproxy44, 0, 0, 9425154902222828.00000000000000000, 9425154902222828.00000000000000000, 1, 0, 0%, ["atticlabeosb","bitfinexeos1","btccpooleos1","cochainworld","eosbeijingbp","eoschaintech","eoseouldotio","eosflytomars","eosgenblockp","eoshenzhenio","eoshuobipool","eosiosg11111","eoslambdacom","eospaceioeos","eosstorebest","eosvolgabpru","fostopfostop","jedaaaaaaaaa","starteosiobp","zbeosbp11111"]
lukeeosproxy, 0, 11170000, 13369371015628776.00000000000000000, 13364107077406958.00000000000000000, 1, 5263938221818.09570312500000000, 199.84256951341158%, ["alohaeosprod","argentinaeos","aus1genereos","blockmatrix1","costaricaeos","cryptolions1","cypherglasss","eos42freedom","eosamsterdam","eosasia11111","eosauthority","eoscafeblock","eosdacserver","eosdublinwow","eoseouldotio","eosiodetroit","eosnationftw","eosnewyorkio","eosphereiobp","eosriobrazil","eossv12eossv","eosswedenorg","eostitanprod","eostribeprod","eosvenezuela","hkeoshkeosbp","libertyblock","sheos21sheos","teamgreymass","tokenika4eos"]
11firstblood, 0, 1024500, 6444520101378409.00000000000000000, 6444037298808288.00000000000000000, 1, 482802570121.09564208984375000, 199.97003554056894%, ["eosantpoolbp","eosbixinboot","eoscannonchn","eoscybexiobp","eosflytomars","eosiosg11111","eosisgravity","eoslaomaocom","eosnationftw","eospaceioeos","eospacificbp","eosplayworld","eoswancloud1","geosoneforbp","jedaaaaaaaaa","jrrcryptoeos","qxeosqxeosbp","sheleaders21","starteosiobp","unlimitedeos","zbeosbp11111"]
xfvkn4yzvgum, 0, 0, 4976264817503152.00000000000000000, 4976264817503152.00000000000000000, 1, 0, 0%, ["argentinaeos","atticlabeosb","bitfinexeos1","cochainworld","eos42freedom","eosantpoolbp","eosbeijingbp","eoscannonchn","eosfishrocks","eosflytomars","eosiomeetone","eosiosg11111","eosisgravity","eoslaomaocom","eosliquideos","eosmedinodes","eosmesodotio","eospaceioeos","eosphereiobp","eosplayworld","eosriobrazil","jedaaaaaaaaa","libertyblock","qxeosqxeosbp","starteosiobp","syndicateoss","tokenika4eos","unlimitedeos","zbeosbp11111"]
2buvnbt2p2vp, 0, 0, 4967945698478902.00000000000000000, 4967945698478902.00000000000000000, 1, 0, 0%, ["argentinaeos","atticlabeosb","cochainworld","eos42freedom","eosantpoolbp","eosasia11111","eosbeijingbp","eoscannonchn","eosfishrocks","eosflytomars","eosiosg11111","eoslaomaocom","eosliquideos","eosmedinodes","eosmesodotio","eospaceioeos","eospacificbp","eosphereiobp","eosplayworld","eosvolgabpru","jedaaaaaaaaa","libertyblock","qxeosqxeosbp","starteosiobp","syndicateoss","tokenika4eos","unlimitedeos","zbeosbp11111"]
huobiproxy55, 0, 0, 4712587111875385.00000000000000000, 4712587111875385.00000000000000000, 1, 0, 0%, ["atticlabeosb","bitfinexeos1","btccpooleos1","cochainworld","eosasia11111","eosauthority","eosbeijingbp","eoscannonchn","eoscybexiobp","eoseouldotio","eosflytomars","eosgenblockp","eoshenzhenio","eoshuobipool","eosiosg11111","eosnewyorkio","eosnodeonebp","eospaceioeos","eospacificbp","eosstorebest","fostopfostop","qxeosqxeosbp","sheleaders21","starteosiobp","unlimitedeos","zbeosbp11111"]
galaxypirate, 0, 210000, 4712686075798982.00000000000000000, 4712587111875385.00000000000000000, 1, 98963923597.29632568359375000, 199.99160038722218%, ["btccpooleos1","cochainworld","eosbeijingbp","eosbixinboot","eoschaintech","eosflytomars","eosgenblockp","eoshuobipool","eosiosg11111","eospaceioeos","eospacificbp","eosstorebest","starteosiobp","zbeosbp11111"]
donglovelong, 0, 0, 4712567790347444.00000000000000000, 4712567790347444.00000000000000000, 1, 0, 0%, ["atticlabeosb","bitfinexeos1","cochainworld","eosantpoolbp","eosbeijingbp","eosbixinboot","eoscleanerbp","eosdotwikibp","eosfishrocks","eosflytomars","eosgenblockp","eoshenzhenio","eoshuobipool","eosiosg11111","eoslaomaocom","eospaceioeos","eospacificbp","eosplayworld","eosuestciobp","helloeoscnbp","jedaaaaaaaaa","sheleaders21","starteosiobp","syndicateoss","unlimitedeos","zbeosbp11111"]
longgevvdong, 0, 0, 4712567790347444.00000000000000000, 4712567790347444.00000000000000000, 1, 0, 0%, ["atticlabeosb","bitfinexeos1","cochainworld","eosasia11111","eosbeijingbp","eosbixinboot","eoscleanerbp","eosdotwikibp","eosfishrocks","eosflytomars","eosgenblockp","eoshuobipool","eosisgravity","eoslaomaocom","eospaceioeos","eospacificbp","eosplayworld","eosstorebest","eossv12eossv","eosunion1111","eoswingdotio","geosoneforbp","helloeoscnbp","jedaaaaaaaaa","moreisfuture","oraclegogogo","qxeosqxeosbp","starteosiobp","unlimitedeos","zbeosbp11111"]
nnnnnnnnnnnz, 0, 0, 4712567790347444.00000000000000000, 4712567790347444.00000000000000000, 1, 0, 0%, ["atticlabeosb","bitfinexeos1","cochainworld","eosasia11111","eosbeijingbp","eosbixinboot","eosdotwikibp","eosfishrocks","eosflytomars","eosgenblockp","eoshuobipool","eosiosg11111","eoslaomaocom","eospaceioeos","eospacificbp","eosplayworld","eossv12eossv","eosuestciobp","eosunion1111","geosoneforbp","helloeoscnbp","jedaaaaaaaaa","moreisfuture","qxeosqxeosbp","starteosiobp","unlimitedeos","zbeosbp11111"]
dongdongxxxx, 0, 0, 4712567790347444.00000000000000000, 4712567790347444.00000000000000000, 1, 0, 0%, ["atticlabeosb","bitfinexeos1","cochainworld","eosantpoolbp","eosbeijingbp","eosbixinboot","eoscleanerbp","eosdotwikibp","eosfishrocks","eosflytomars","eosgenblockp","eoshuobipool","eosiosg11111","eoslambdacom","eoslaomaocom","eospaceioeos","eospacificbp","eosplayworld","eosuestciobp","eosunion1111","eoswingdotio","helloeoscnbp","jedaaaaaaaaa","moreisfuture","starteosiobp","syndicateoss","unlimitedeos","zbeosbp11111"]
ktjn11hr1dm5, 0, 0, 150802169291.11822509765625000, 150802169291.11822509765625000, 1, 0, 0%, ["atticlabeosb","eosphereiobp","tokenika4eos"]
lzzikr2m131t, 0, 0, 4210974696166414.50000000000000000, 4210974696166414.50000000000000000, 1, 0, 0%, ["atticlabeosb","cochainworld","eosbeijingbp","eosbixinboot","eoscannonchn","eosfishrocks","eosflytomars","eosiosg11111","eoslaomaocom","eosliquideos","eosmedinodes","eosmesodotio","eospaceioeos","eospacificbp","eosphereiobp","eosplayworld","eosvolgabpru","helloeoscnbp","jedaaaaaaaaa","starteosiobp","syndicateoss","tokenika4eos","unlimitedeos","zbeosbp11111"]
eostotheboom, 0, 146200, 3194335068653925.50000000000000000, 3194266170912830.50000000000000000, 1, 68897741094.87963867187500000, 199.99137269527344%, ["acroeos12345","bitspacenode","cochainworld","eos42freedom","eosbeijingbp","eoscandyone1","eoscannonchn","eoseouldotio","eosflytomars","eoshuobipool","eosisgravity","eoslaomaocom","eosmesodotio","eosmotioneos","eosonoeosono","eospaceioeos","eosstorebest","eosswedenorg","eostitanprod","geosoneforbp","jedaaaaaaaaa","oraclegogogo","qxeosqxeosbp","tokenika4eos","unlimitedeos","zbeosbp11111"]
e2e2e2e2e2e2, 0, 0, 19065685681.59879302978515625, 19065685681.59879302978515625, 1, 0, 0%, ["eosbeijingbp"]
x2qkz5yqw5n4, 0, 0, 3253055442652053.50000000000000000, 3253055442652053.50000000000000000, 1, 0, 0%, ["acroeos12345","argentinaeos","atticlabeosb","cochainworld","eosamsterdam","eosantpoolbp","eosbeijingbp","eoscannonchn","eosfishrocks","eosflytomars","eosiomeetone","eosiosg11111","eoslaomaocom","eosliquideos","eosmedinodes","eosmesodotio","eosnodeonebp","eospaceioeos","eospacificbp","eosphereiobp","eosplayworld","eosvolgabpru","jedaaaaaaaaa","starteosiobp","syndicateoss","tokenika4eos","unlimitedeos","zbeosbp11111"]
eostitanvote, 0, 40000, 5075538106140091.00000000000000000, 5075519255868930.00000000000000000, 1, 18850271161.38977813720703125, 199.99851442737625%, ["alohaeosprod","argentinaeos","atticlabeosb","bitfinexeos1","cochainworld","eosafricaone","eosauthority","eosbeijingbp","eosbixinboot","eoscanadacom","eosfishrocks","eosflytomars","eoshenzhenio","eoshuobipool","eosiosg11111","eosmesodotio","eosnewyorkio","eosnodeonebp","eospaceioeos","eosswedenorg","eostitanprod","eostribeprod","eosvenezuela","eosvibesbloc","hkeoshkeosbp","libertyblock","starteosiobp","teamgreymass","tokenika4eos","zbeosbp11111"]
loglnah3nx5d, 0, 0, 2419422817869543.50000000000000000, 2419422817869543.50000000000000000, 1, 0, 0%, ["acroeos12345","atticlabeosb","cochainworld","eosbeijingbp","eosbixinboot","eoscannonchn","eosfishrocks","eosflytomars","eosiosg11111","eoslaomaocom","eosliquideos","eosmedinodes","eosmesodotio","eosnodeonebp","eospaceioeos","eospacificbp","eosphereiobp","eosplayworld","eostitanprod","eosvolgabpru","jedaaaaaaaaa","qxeosqxeosbp","starteosiobp","syndicateoss","teamgreymass","tokenika4eos","unlimitedeos","zbeosbp11111"]
tpatksgyanjo, 0, 0, 2343215466101892.50000000000000000, 2343215466101892.50000000000000000, 1, 0, 0%, ["alohaeosprod","atticlabeosb","cochainworld","eosbeijingbp","eosbixinboot","eoscannonchn","eoscleanerbp","eosfishrocks","eosflytomars","eosiosg11111","eoslaomaocom","eosliquideos","eosmedinodes","eosmesodotio","eosnodeonebp","eospaceioeos","eospacificbp","eosphereiobp","eosplayworld","eostitanprod","eosvolgabpru","jedaaaaaaaaa","starteosiobp","syndicateoss","tokenika4eos","unlimitedeos","zbeosbp11111"]
heyeosman123, 0, 0, 2119357074532868.00000000000000000, 2119357074532868.00000000000000000, 1, 0, 0%, ["atticlabeosb","bitfinexeos1","cochainworld","eosantpoolbp","eosbeijingbp","eosbixinboot","eoscannonchn","eoscybexiobp","eosfishrocks","eosflytomars","eoshenzhenio","eoshuobipool","eoslambdacom","eoslaomaocom","eosmotioneos","eosplayworld","eosunion1111","hexlantttttt","jedaaaaaaaaa","jrrcryptoeos","moreisfuture","qxeosqxeosbp","starteosiobp","zbeosbp11111"]
me2lr2wubwzd, 0, 0, 2161764146358397.00000000000000000, 2161764146358397.00000000000000000, 1, 0, 0%, ["atticlabeosb","cochainworld","eosbeijingbp","eosbixinboot","eoscannonchn","eosfishrocks","eosflytomars","eosiosg11111","eoslaomaocom","eosliquideos","eosmedinodes","eosmesodotio","eosnodeonebp","eospaceioeos","eosphereiobp","eosplayworld","eostitanprod","eosvolgabpru","jedaaaaaaaaa","starteosiobp","syndicateoss","tokenika4eos","unlimitedeos","zbeosbp11111"]
fivvybx5o4eh, 0, 0, 2112757973617639.00000000000000000, 2112757973617639.00000000000000000, 1, 0, 0%, ["atticlabeosb","cochainworld","eosbeijingbp","eosbixinboot","eoscannonchn","eosfishrocks","eosflytomars","eosiosg11111","eoslaomaocom","eosliquideos","eosmedinodes","eosmesodotio","eosnodeonebp","eospaceioeos","eospacificbp","eosphereiobp","eosplayworld","eostitanprod","eosvolgabpru","helloeoscnbp","jedaaaaaaaaa","starteosiobp","syndicateoss","tokenika4eos","unlimitedeos","zbeosbp11111"]
5lwhr2hargj5, 0, 0, 2066757329261262.75000000000000000, 2066757329261262.75000000000000000, 1, 0, 0%, ["atticlabeosb","cochainworld","eosbeijingbp","eosbixinboot","eoscannonchn","eosfishrocks","eosflytomars","eosiosg11111","eoslaomaocom","eosliquideos","eosmedinodes","eosmesodotio","eosnodeonebp","eospaceioeos","eospacificbp","eosphereiobp","eosplayworld","eostitanprod","eosvolgabpru","helloeoscnbp","starteosiobp","syndicateoss","tokenika4eos","unlimitedeos","zbeosbp11111"]
iamnotawhale, 0, 447000, 5486662072278848.00000000000000000, 5486451420498619.00000000000000000, 1, 210651780228.53076171875000000, 199.98464321730629%, ["atticlabeosb","eosantpoolbp","eoscannonchn","eoseouldotio","eoshuobipool","eosiomeetone","eoslaomaocom","eospaceioeos","eosstorebest","eosswedenorg","jedaaaaaaaaa","oraclegogogo","zbeosbp11111"]
meetoneproxy, 0, 0, 2717113273340818.00000000000000000, 2717113273340818.00000000000000000, 1, 0, 0%, ["argentinaeos","atticlabeosb","cochainworld","eos42freedom","eoscanadacom","eoscannonchn","eosflytomars","eosgenblockp","eosiomeetone","eosiosg11111","eosnationftw","eosnewyorkio","eospaceioeos","eosplayworld","eosstorebest","eosvolgabpru","eosyskoreabp","geosoneforbp","keoskorea111","sheleaders21","syndicateoss","tokenika4eos"]
tokenika4dev, 0, 0, 2314938852844273.50000000000000000, 2314938852844273.50000000000000000, 1, 0, 0%, ["acroeos12345","argentinaeos","atticlabeosb","auroraeoscom","bitfinexeos1","cryptolions1","cypherglasss","eosauthority","eoscafeblock","eoscanadacom","eoscannonchn","eosdacserver","eosdublinwow","eoseouldotio","eosfishrocks","eoshuobipool","eosiomeetone","eosmesodotio","eosnewyorkio","eosnodeonebp","eosriobrazil","eosswedenorg","eostitanprod","eostribeprod","eosvenezuela","eosvibesbloc","eosyskoreabp","oraclegogogo","starteosiobp","tokenika4eos"]
cannonproxy1, 0, 20000, 15995812671387878.00000000000000000, 15995803246252298.00000000000000000, 1, 9425135580.69488906860351563, 199.99976431006738%, ["atticlabeosb","eos42freedom","eosbeijingbp","eosbixinboot","eoscannonchn","eoseouldotio","eosfishrocks","eosflareiobp","eosflytomars","eosiomeetone","eosiosg11111","eosisgravity","eoslaomaocom","eosmesodotio","eosphereiobp","eosstorebest","eosyskoreabp","oraclegogogo"]
zenbpdesk313, 0, 700000, 13594612202408858.00000000000000000, 13594282322663534.00000000000000000, 1, 329879745324.32110595703125000, 199.99029404484898%, ["alohaeosprod","argentinaeos","aus1genereos","blockmatrix1","blocksmithio","cypherglasss","eos42freedom","eosadddddddd","eosauthority","eosbarcelona","eoscafeblock","eosdacserver","eosflareiobp","eosiodetroit","eosiomeetone","eosmetaliobp","eosmiamidade","eosnairobike","eosnewyorkio","eosnodeonebp","eosphereiobp","eosswedenorg","eostitanprod","eostribeprod","eosukblocpro","eosyskoreabp","hkeoshkeosbp","oraclegogogo","teamgreymass","tokenika4eos"]
ojirrdhy5bta, 0, 0, 959942823006746.50000000000000000, 959942823006746.50000000000000000, 1, 0, 0%, ["atticlabeosb","cochainworld","eosbeijingbp","eosbixinboot","eoscannonchn","eosfishrocks","eosflytomars","eosiosg11111","eoslaomaocom","eosliquideos","eosmedinodes","eosmesodotio","eosnodeonebp","eospaceioeos","eospacificbp","eosphereiobp","eosplayworld","eosvolgabpru","helloeoscnbp","sheleaders21","starteosiobp","syndicateoss","tokenika4eos","unlimitedeos","zbeosbp11111"]
2idb3hot4rj1, 0, 0, 933962209705419.50000000000000000, 933962209705419.50000000000000000, 1, 0, 0%, ["atticlabeosb","cochainworld","eosbeijingbp","eosbixinboot","eoscannonchn","eosfishrocks","eosflytomars","eosiosg11111","eoslaomaocom","eosliquideos","eosmedinodes","eosmesodotio","eosnodeonebp","eospaceioeos","eospacificbp","eosphereiobp","eosplayworld","eosvolgabpru","jedaaaaaaaaa","sheleaders21","starteosiobp","syndicateoss","tokenika4eos","unlimitedeos","zbeosbp11111"]
xxedcu1evvkv, 0, 0, 911528578756958.37500000000000000, 911528578756958.37500000000000000, 1, 0, 0%, ["argentinaeos","atticlabeosb","cochainworld","eosantpoolbp","eosasia11111","eosbeijingbp","eosbixinboot","eoscannonchn","eosfishrocks","eosflytomars","eosiosg11111","eoslaomaocom","eosliquideos","eosmedinodes","eosmesodotio","eosnodeonebp","eospaceioeos","eospacificbp","eosphereiobp","eosplayworld","eosvolgabpru","sheleaders21","starteosiobp","syndicateoss","tokenika4eos","unlimitedeos","zbeosbp11111"]
qilpomyx3hyw, 0, 0, 892394146141887.12500000000000000, 892394146141887.12500000000000000, 1, 0, 0%, ["atticlabeosb","cochainworld","eosasia11111","eosbeijingbp","eosbixinboot","eoscannonchn","eosfishrocks","eosflytomars","eosiosg11111","eoslaomaocom","eosliquideos","eosmedinodes","eosmesodotio","eosnodeonebp","eospaceioeos","eospacificbp","eosphereiobp","eosplayworld","eosvolgabpru","sheleaders21","starteosiobp","syndicateoss","tokenika4eos","unlimitedeos","zbeosbp11111"]
sl1vamgr3fzs, 0, 0, 860636494312412.75000000000000000, 860636494312412.75000000000000000, 1, 0, 0%, ["atticlabeosb","cochainworld","eosasia11111","eosbeijingbp","eosbixinboot","eoscannonchn","eosfishrocks","eosflytomars","eosiosg11111","eoslaomaocom","eosliquideos","eosmedinodes","eosmesodotio","eosnodeonebp","eospaceioeos","eospacificbp","eosphereiobp","eosplayworld","eosvolgabpru","sheleaders21","starteosiobp","syndicateoss","tokenika4eos","unlimitedeos","zbeosbp11111"]
freedomproxy, 0, 24000, 1564767434016759.00000000000000000, 1564756123854062.25000000000000000, 1, 11310162696.83386611938476563, 199.9971088148433%, ["1eostheworld","alohaeosprod","argentinaeos","auroraeoscom","aus1genereos","bitfinexeos1","blocksmithio","buildteameos","costaricaeos","cryptolions1","cypherglasss","eos42freedom","eosamsterdam","eosauthority","eoscafeblock","eoscanadacom","eoscannonchn","eosdacserver","eosdublinwow","eosiodetroit","eosisgravity","eosliquideos","eosmesodotio","eosnationftw","eosnewyorkio","eosphereiobp","eosswedenorg","eostribeprod","teamgreymass","tokenika4eos"]
votetochange, 0, 0, 2746199334766262.00000000000000000, 2746199334766262.00000000000000000, 1, 0, 0%, ["acroeos12345","alohaeosprod","argentinaeos","atticlabeosb","aus1genereos","blockmatrix1","cryptolions1","eos42freedom","eosasia11111","eosauthority","eosbixinboot","eoscafeblock","eoscannonchn","eosdublinwow","eoseouldotio","eosiomeetone","eoslaomaocom","eosliquideos","eosnationftw","eosnewyorkio","eosnodeonebp","eosphereiobp","eosriobrazil","eosswedenorg","eostribeprod","eosyskoreabp","hkeoshkeosbp","sheos21sheos","teamgreymass","tokenika4eos"]
auroraeosprx, 0, 40000, 600732572811016.75000000000000000, 600713722539855.37500000000000000, 1, 18850271161.38977813720703125, 199.98744887123885%, ["acroeos12345","alohaeosprod","argentinaeos","auroraeoscom","aus1genereos","blockmatrix1","costaricaeos","cypherglasss","eosauthority","eoscafeblock","eoscanadacom","eoscannonchn","eosdublinwow","eosfishrocks","eosiodetroit","eosliquideos","eosmesodotio","eosnewyorkio","eosphereiobp","eosriobrazil","eossv12eossv","eostitanprod","eostribeprod","eosvibesbloc","eosyskoreabp","hkeoshkeosbp","libertyblock","sheos21sheos","teamgreymass","tokenika4eos"]
eosvoteproxy, 0, 10000, 522003942361572.75000000000000000, 521999229793782.37500000000000000, 1, 4712567790.34744453430175781, 199.9963888968155%, ["argentinaeos","aus1genereos","candyairdrop","cryptolions1","cypherglasss","eos42freedom","eosasia11111","eosauthority","eosbixinboot","eoscafeblock","eoscanadacom","eoscannonchn","eosdacserver","eoseouldotio","eosflareiobp","eosiomeetone","eosisgravity","eosliquideos","eosnewyorkio","eosnodeonebp","eosphereiobp","eosriobrazil","eosswedenorg","eostitanprod","eostribeprod","eosyskoreabp","hkeoshkeosbp","libertyblock","teamgreymass","tokenika4eos"]
eoshenzhenvp, 0, 30000, 1301016104733668.75000000000000000, 1301001967030297.75000000000000000, 1, 14137703371.04233360290527344, 199.9956533820937%, ["eosasia11111","eosbixinboot","eoscannonchn","eosecoeoseco","eoseouldotio","eoshenzhenio","eoshuobipool","eosiosg11111","eosisgravity","eoslaomaocom","eosliquideos","eosnewyorkio","eosonoeosono","eospaceioeos","eosstorebest","eosswedenorg","eostitanprod","eosuestciobp","eosunion1111","eoswingdotio","eosyskoreabp","geosoneforbp","helloeoscnbp","hkeoshkeosbp","jedaaaaaaaaa","libertyblock","oraclegogogo","qxeosqxeosbp","saltblockeos","starteosiobp"]
eosonebetter, 0, 50001, 1213433142603889.50000000000000000, 1213409579293681.00000000000000000, 1, 23563310208.51625442504882813, 199.99223266554344%, ["acroeos12345","argentinaeos","bitfinexeos1","costaricaeos","eos42freedom","eosasia11111","eosauthority","eoscanadacom","eosdacserver","eosdublinwow","eoseouldotio","eosnationftw","eosnewyorkio","eosphereiobp","eosriobrazil","eossv12eossv","eostitanprod","eostribeprod","eosyskoreabp","oraclegogogo","teamgreymass"]
investingwad, 0, 7100000, 9865501238256612.00000000000000000, 9862155315125466.00000000000000000, 1, 3345923131146.68554687500000000, 199.86438443816462%, ["alohaeosprod","auroraeoscom","aus1genereos","blocksmithio","costaricaeos","cryptolions1","cypherglasss","eos42freedom","eosafricaone","eosasia11111","eosauthority","eoscafeblock","eosdacserver","eosdublinwow","eoseouldotio","eosiodetroit","eosmedinodes","eosmetaliobp","eosnairobike","eosnationftw","eosnodeonebp","eosphereiobp","eosriobrazil","eosswedenorg","eostitanprod","eostribeprod","eosvibesbloc","eosyskoreabp","teamgreymass","tokenika4eos"]
ferdousbhai1, 0, 200000, 843749583556630.50000000000000000, 843656580211842.25000000000000000, 1, 94251355806.94888305664062500, 199.95532284439017%, ["alohaeosprod","argentinaeos","atticlabeosb","aus1genereos","bitfinexeos1","bpeosindexio","chainriftxxx","costaricaeos","cryptolions1","eosasia11111","eosauthority","eosbeijingbp","eoscafeblock","eosdublinwow","eosfishrocks","eoshuobipool","eosiodetroit","eosiomeetone","eoslaomaocom","eosliquideos","eosmetaliobp","eosnationftw","eosnewyorkio","eostitanprod","eostribeprod","eosukblocpro","eosvenezuela","hkeoshkeosbp","teamgreymass","tokenika4eos"]
mentormarket, 0, 50010000, 1083471186276131.37500000000000000, 1059903634756603.75000000000000000, 1, 23567551519527.57031250000000000, 191.48447088077316%, ["alohaeosprod","argentinaeos","aus1genereos","blocksmithio","cochainworld","cryptolions1","cypherglasss","eos42freedom","eosasia11111","eosauthority","eoscafeblock","eoscanadacom","eosdacserver","eosdublinwow","eosflareiobp","eosiomeetone","eosliquideos","eosmedinodes","eosnationftw","eosnewyorkio","eospaceioeos","eosphereiobp","eosriobrazil","eosswedenorg","eostribeprod","libertyblock","starteosiobp","teamgreymass","tokenika4eos"]
ylwtjauhwreq, 0, 0, 447361760833739.68750000000000000, 447361760833739.68750000000000000, 1, 0, 0%, ["atticlabeosb","cochainworld","eosasia11111","eosbeijingbp","eosbixinboot","eoscannonchn","eosfishrocks","eosflytomars","eosiosg11111","eoslaomaocom","eosliquideos","eosmedinodes","eosmesodotio","eosnodeonebp","eospaceioeos","eospacificbp","eosphereiobp","eosplayworld","eosvolgabpru","sheleaders21","starteosiobp","syndicateoss","tokenika4eos","unlimitedeos","zbeosbp11111"]
lfqyulcwmxup, 0, 0, 428945698682079.18750000000000000, 428945698682079.18750000000000000, 1, 0, 0%, ["argentinaeos","cochainworld","eosantpoolbp","eosasia11111","eosbeijingbp","eosbixinboot","eoscannonchn","eosfishrocks","eosflytomars","eosiosg11111","eoslaomaocom","eosliquideos","eosmedinodes","eosmesodotio","eosnodeonebp","eospaceioeos","eosphereiobp","eosplayworld","eosvolgabpru","qxeosqxeosbp","sheleaders21","starteosiobp","syndicateoss","tokenika4eos","unlimitedeos","zbeosbp11111"]
